103194 -999.0 11.54844999999999 10.95473979682923
103720 11.96903492584228 11.64065007400513 11.29353663063049
103725 12.24941373901367 12.45646010284424 11.8224668006897
103731 8.474900717163083 8.561130091094968 9.142620500183103
103737 8.33674808502197 -999.0 7.056485053253176
103742 9.060004929733278 8.404909967422487 7.153239580917359
103747 12.34977117729187 11.32274992599487 11.08169290237426
103748 8.718032364654539 8.031409915542602 8.495576638031006
103758 11.74696736145019 10.84649996299743 10.19607274665832
103769 7.372998966217038 6.447800074005123 4.337295877075195
103781 10.88096658668518 8.610430014419556 7.872894327163695
103787 9.067584247207641 8.675180117034913 7.882226565551758
103789 7.739938011932376 6.80154997406006 -999.0
103800 8.687045883560172 7.798580051422119 5.806162631988521
103801 10.49421769142151 9.97140002593994 9.868078531265258
103808 10.39087285461426 9.720310139846797 8.088425018692014
103812 7.045348342895508 7.04325 7.016307141876221
103815 11.61298333053588 10.30430977172851 10.7880633026123
103819 7.96258431892395 7.580340032577513 5.616201442718507
103822 9.567933519744876 8.767190084457397 8.427474837493898
103833 11.60127181472778 11.34981017684936 11.06697220878601
103835 8.891163657379147 8.824690058517456 8.116587418746947
103837 11.36321745262146 10.6533398601532 11.01975992507934
103844 9.70623613433838 9.129869869995115 -999.0
103853 12.73202661590576 11.12016998558044 -999.0
103856 9.085009495544437 8.46606988296509 -999.0
103857 -999.0 8.9038900844574 8.523213049697876
103863 14.70157135238648 13.79129992599487 13.24482463035583
103864 12.4868611579895 12.13145007400513 10.64675264549255
103869 9.2147559009552 8.561590071487426 8.5478866065979
103871 9.612872951126098 9.733090058517456 8.945329648590088
103887 10.60406157073974 11.02211987457275 10.64764313926697
103889 9.222053015899657 9.033350025939942 6.947782326507568
103895 12.0899593837738 11.72400003700256 10.70488349227905
103910 10.97280576095581 9.5992702796936 11.10218774757385
103933 8.434020155715938 -999.0 6.587784137725826
103936 -999.0 10.61820980873108 9.786314234542848
103938 10.26197352828979 9.699330051422113 9.131601278686526
103943 9.638060430908201 8.481799987030033 7.79115393753052
103945 10.16625238418579 9.121119985580442 8.41681345977783
103949 10.25490299415589 9.212209915542603 8.651786811065675
103951 9.609057580566404 9.65168012542724 8.458295232391356
103956 12.5752058303833 -999.0 11.98922719230652
103960 9.060678364181516 8.784550000000003 8.487250709533694
103968 -999.0 5.828269895935058 4.804898743438722
103972 10.89308969192505 9.791579720306398 9.277069554138176
103980 9.605483072280883 9.21170001296997 8.602059931182861
103983 6.811367021942139 5.424650012969973 5.547941265869142
103986 9.788960548019407 9.35328009109497 8.549894884872437
103989 8.25795569458008 -999.0 7.70372293395996
103999 10.5972001373291 10.78521994857788 10.59405924835205
104000 13.19824763641357 12.51848012542725 11.65460731239318
104001 11.80070638046264 10.19706994857788 9.050498207855222
104004 8.907763794326783 8.369890058517456 8.320603510665894
104008 9.04688114852905 8.180300037002564 7.697966937637327
104010 9.836730730056765 9.779919985580442 8.699176605606075
104012 9.388478311920164 9.056539823150635 -999.0
104023 11.46307409706116 10.35358008842468 9.867677760696411
104030 8.817023420715334 8.710959967422486 7.922867435073855
104033 10.97577295799255 10.53504992599487 8.185670290756226
104037 9.862106416702273 9.921199925994866 9.627725181961061
104040 6.75092583847046 6.495230091094971 6.114721892929078
104046 8.773674757385255 8.169019895935058 7.561392776870729
104047 8.3141091381073 8.204899987030032 7.324081800460816
104049 8.828722449111936 8.579450074005125 -999.0
104053 7.57395891647339 7.379290032577514 6.727328079223632
104071 10.72041808853149 9.781950074005128 9.36781403503418
104074 8.038864321899414 7.606440084457396 7.519787378692629
104075 11.39404959220886 10.55685003700256 10.16258415145874
104079 7.584203553771974 6.924249974060057 6.380033625793456
104086 10.76110683479309 9.26679019126892 7.265602943420411
104088 9.13212983322143 8.734140228271482 8.59017068634033
104091 12.14680597190856 11.9064101398468 11.44370180587768
104098 11.74434580993652 11.58105003700256 10.27719468612671
104101 9.64334807624817 9.03063011703491 8.687501676559446
104108 12.4618859539032 11.69765 12.06747140731811
104114 9.023124470901486 8.219150012969969 7.101006233978274
104127 7.933452756881715 7.909099974060061 7.135913909530641
104129 6.671540364837648 5.594250025939941 -999.0
104130 11.53649426345825 -999.0 10.50592216033935
104132 7.718202685928346 6.205559941482545 5.032597989654543
104135 11.69825530471802 9.107950074005123 8.013912228775029
104146 9.327655347824097 9.056990191268918 -999.0
104152 9.356354088592528 8.740009954452518 5.366869961929323
104159 10.88807928962708 10.00888001441955 -999.0
104169 11.0912827381134 -999.0 9.375826021957394
104183 10.12754049453735 9.468559941482544 9.807722856521607
104186 6.982292650604247 6.285959941482545 6.149910133361818
104192 11.8787781490326 11.12330003700256 10.4691475681305
104194 9.791365838241575 9.11736987457275 8.903829016494754
104199 8.07620414848327 7.467030014419559 6.357753569412224
104201 10.50089869689941 9.81883009109497 9.79498650932312
104207 -999.0 10.4082 10.9689523601532
104209 12.75895351867675 12.6383398601532 12.42073715438842
104214 -999.0 11.19381998558044 9.323992212677002
104216 11.10765035629273 9.366319948577878 -999.0
104228 10.68963756332398 11.41949022827148 10.31402371292114
104231 12.51236725196838 12.43045977172851 11.73739002914429
104237 8.617752510070797 8.773530088424684 7.539019803237909
104242 12.14774837036132 11.24961991157532 10.13933274612426
104250 12.48192622718811 12.14676998558044 11.90435557556152
104257 10.50930298309326 9.044879944801332 8.40083644256592
104262 10.24301770324707 10.58594019126892 9.942402503967282
104276 9.120243730926513 8.780949987030029 8.523979981231689
104280 7.555556877899164 6.259260250854483 -999.0
104290 9.6731623336792 9.123410176849362 8.54172917861938
104293 6.692921534347533 5.880759954452516 5.201139303970336
104295 9.294118782424928 8.715090228271485 8.04018769302368
104296 12.03683447685241 12.3709601398468 11.34955454025268
104297 8.177813934707643 8.733450012969971 9.197003099060062
104300 12.5229428401947 11.40168982315063 11.18315554504394
104303 10.30906624107361 9.753690228271482 -999.0
104305 9.585498828887937 8.628729646301267 7.725807827758786
104306 11.04156974639892 10.80936991157531 10.28075578842163
104310 12.12951305541992 12.25586991157532 11.73549543418884
104313 9.024276627731325 8.148409967422488 7.537111079788209
104324 8.766683934783934 8.382450025939942 7.486648975753787
104331 8.699462917327883 8.478169874572759 -999.0
104334 11.35942939491271 -999.0 10.43540571022033
104336 12.14105194854736 -999.0 11.70351963539123
104341 13.37925063858032 12.81455007400512 12.97973755111694
104345 13.30367323760986 12.88909022827148 -999.0
104346 9.29315576782227 7.600609954452516 6.693420874404911
104349 12.26314153327942 11.83064992599487 11.55662859344483
104350 -999.0 9.385480142974856 9.26705570297241
104352 10.35206743927002 9.895959808731078 -999.0
104354 7.765779999542239 7.021799987030028 7.13409176864624
104357 8.483003496932984 7.321259915542601 7.757465233230593
104363 8.466956365203856 7.544169948577879 7.694470856094357
104369 6.194666409301759 6.712580117034912 -999.0
104372 13.20576280670166 12.53273989715576 12.53371873970032
104373 10.01523738708496 8.967699987030034 -999.0
104376 13.29501992950439 12.44065977172852 11.69429935798644
104378 8.375862963485718 7.145550025939941 -999.0
104387 5.279176337814329 -999.0 3.891789683151246
104391 5.8738063911438 -999.0 5.579586930084226
104394 10.15943014411926 9.569949962997436 9.040209936141961
104397 11.35104676704407 8.150380088424681 9.076234660339358
104401 10.52453122787476 9.954019874572753 8.885703300476074
104404 8.008752696228026 8.282749999999998 7.572461467742919
104409 9.001160576248168 8.03704998703003 7.831334157562257
104417 6.374327992630002 6.272130091094969 6.337559617614746
104423 11.70061142616272 10.96599996299743 10.32447324676514
104433 9.769202267837528 9.712269857025145 -999.0
104436 9.589132069778438 10.11678982315063 9.830217792510984
104441 9.15838514556885 8.639330130004883 8.381544526290892
104449 7.794301947784422 6.085810247039793 -999.0
104454 13.12334131622314 12.90129996299743 12.36655570983887
104466 10.14624626579284 9.09101994857788 9.085015991592405
104470 9.942470746231084 9.602080117034912 9.206315301895142
104475 9.727671981048584 -999.0 9.98545507049561
104476 8.548937759399411 -999.0 7.764206649398806
104478 10.22832843627929 9.167069869995116 8.191173498535157
104489 10.61161196861267 10.2026400844574 9.572307531738282
104490 9.056308596420285 9.063469882965087 8.557749968338012
104491 7.825698541259768 6.722140045547488 -999.0
104492 7.952273958969115 7.082049999999999 6.490078054809571
104493 5.505196576690675 4.486440071487428 -999.0
104494 9.103373865127557 7.96275980873108 -999.0
104496 9.763897865295409 10.54538989715576 10.3897305557251
104497 9.310500318145753 9.43343009109497 8.278979752731324
104499 11.06765593757629 8.231289897155756 -999.0
104503 10.51085973320007 9.601160102844235 9.157031732177737
104505 12.66361087112426 12.75946017684936 11.85862631950378
104506 8.434330126953125 7.669889739990234 7.072605549621581
104511 6.912472982406617 6.210749987030029 5.299289675521852
104513 8.405323920440674 7.228010208129882 -999.0
104521 7.694010269165038 6.864869857025145 7.467000820159911
104526 8.687391218948367 8.343880142974854 7.557375493621826
104528 14.02970424423217 13.7509398601532 13.65640721092224
104531 9.80654082946777 9.219629720306395 7.330288291931147
104532 8.678828302764892 8.187409915542602 7.55844437637329
104533 9.227243354415897 8.168750025939943 8.249768911743168
104537 7.038786819458007 6.743899987030031 5.21859705123901
104540 9.26456607208252 8.212280104064941 7.633541623306276
104545 7.11240330657959 -999.0 4.869531612396241
104553 7.527320258712765 7.610209928512574 6.969423310089113
104557 7.74836340713501 7.433990032577516 6.888507284545898
104561 10.42968442840576 9.48063986015319 9.14119087371826
104564 9.080412292098993 8.312719985580443 7.936738097000122
104566 9.097599396896365 6.601349962997429 6.803686632156368
104569 9.759918292236325 9.585989749145506 8.572326330566403
104570 10.75149672927857 9.922189823150632 9.804206796646119
104585 8.118752029037472 6.550070279693596 5.904791173171995
104588 10.5703965057373 9.883530125427244 8.574819144439692
104589 8.961721940612795 8.387310139846795 -999.0
104591 8.634917356109618 -999.0 7.761286849212646
104598 9.52107130661011 -999.0 8.121279210662843
104613 8.778957918930054 8.376230104064941 -999.0
104616 9.517401323699952 10.75530003700256 -999.0
104618 9.669032856369018 8.327009928512576 7.218396372604372
104632 8.43834365234375 6.955499987030031 6.658234278488159
104638 7.56333203468323 -999.0 6.262327213287355
104642 11.09250849380493 10.23883008842468 9.449450107192991
104650 9.138900524902343 8.78366988296509 7.888733292770388
104652 9.923111200332642 9.722330117034911 9.396911774063113
104662 10.05674064369202 9.709459928512576 -999.0
104666 11.63701007385254 10.75224019126892 10.51437114067077
104669 9.77849744262695 9.54025001296997 9.252958456802368
104677 8.690544627761842 8.473000012969969 7.858252983093259
104678 13.08533365859986 12.58793989715576 11.73688014678955
104686 10.50298767089844 9.249699925994873 10.15126425056458
104689 9.430445607757568 7.87451987457275 7.474570303344723
104690 10.67208832550049 10.43521010284423 9.825504364395144
104693 6.764416463851928 5.928130091094973 4.813410926055909
104695 8.836160761260984 8.614359941482544 -999.0
104696 10.35169818496704 10.59754992599487 8.643105823516843
104698 6.543548548889159 6.098660234069826 6.007684308624268
104715 8.025286978149413 7.59748011703491 7.603838970947264
104724 10.26051645355224 10.97080003700256 -999.0
104726 -999.0 10.22625995445251 9.333363351440427
104730 9.583497608184814 8.575959954452516 8.42073691329956
104732 9.232191168594358 9.023759954452515 9.031711413192749
104739 11.94745062522888 12.28040977172851 10.95321137428283
104742 11.13078835868835 10.37876998558044 10.21603600730896
104753 11.76251462631225 12.66336017684937 12.23327697906494
104756 7.567298458480831 6.071549999999998 -999.0
104762 9.77583934898376 -999.0 9.78790522155761
104770 10.23970325965881 10.39542972030639 9.329194763183592
104773 10.18817569313049 10.34537972030639 9.819609190368649
104791 13.56021097564697 12.94474022827149 11.93603825531006
104793 10.47417624778747 10.51139996299744 9.741613674926755
104795 7.240772582244867 6.773080088424681 5.165251293945315
104797 9.344705790710448 8.5885601398468 7.94774397544861
104800 5.914146355438234 4.482160102844233 4.277566311645511
104806 -999.0 7.350639778900145 8.582247588348386
104810 10.24070909538269 9.335700037002562 7.761738856887818
104811 11.17315687522888 10.72941010284424 9.658443198013304
104814 8.846885897064208 7.128599987030027 7.421837312698364
104824 10.5232815410614 -999.0 8.141581624984742
104826 9.418403158950802 6.958789823150631 6.553011441421507
104828 10.72875175056457 9.983000074005128 10.24101916732788
104833 12.32489838562011 11.29500007400512 10.65931943702697
104846 5.339475555038452 4.975240045547488 -999.0
104857 10.49457198066711 9.459230088424677 8.975829780578612
104858 9.425192161560057 8.629580051422119 8.209443669509888
104859 7.024983979415895 6.73649998703003 6.128878513717653
104861 10.43963739280701 10.96288982315063 10.36263484992981
104862 8.325984526443479 5.995640191268921 -999.0
104866 7.998869100952142 7.841269911575317 6.629296843338011
104869 9.344595993041988 9.731389823150632 8.856550428771971
104872 -999.0 10.24089997406006 10.03759271049499
104875 8.876484101486206 8.596480130004885 7.599950402450561
104877 11.77221438865661 10.98288989715576 10.1875239112854
104879 9.458220263671874 9.528690071487425 9.808644361495972
104880 10.03593363113403 7.650679720306396 7.635769200515746
104891 5.830593801116944 4.782269857025149 5.303028303146362
104892 8.598910411071781 8.170619882965086 8.590868383026127
104901 9.713663865661623 9.164019895935056 9.003001234817503
104907 12.43026882858276 11.8871797203064 11.67736602516174
104908 8.236013731384276 7.784230104064942 6.202807208633422
104927 9.940680198669432 9.825089897155758 9.883170241165162
104928 11.88387081832885 9.377160102844234 10.59893811836242
104933 9.987997647476195 10.00631989593506 8.893764516067504
104936 10.36730844345092 10.18053014297485 10.01022275276184
104947 11.83577573127747 10.94660007400512 9.430558862304688
104952 -999.0 11.50415977172852 12.23831339302063
104954 9.65110924720764 9.40621988296509 8.521544659805297
104960 10.46220982933044 10.34610007400513 8.751302291107177
104963 9.923455947494507 8.572849987030029 -999.0
104964 9.903302912902829 8.344619985580447 -999.0
104965 9.48081956939697 7.96610007400513 8.20151840896606
104966 8.107994303131106 7.962069895935058 7.100412426757813
104968 9.069741739273073 8.930140084457399 9.027355582427976
104971 12.19821656532288 11.10728008842468 11.10909070587158
104972 11.5867229637146 10.74116994857788 10.81897679710388
104984 7.454882188415529 7.685440084457397 -999.0
104991 8.510547453689576 8.2759 7.194865771484375
104992 7.521084298706054 6.467430125427244 -999.0
105000 -999.0 9.017819869995115 8.784139295578004
105001 12.35353042793274 11.90502972030639 10.95689339408874
105006 8.625608086395264 8.363350025939944 8.764779400634765
105009 7.750829583358766 6.538109941482546 7.213297067260742
105013 -999.0 8.421830142974853 8.395681509399413
105023 10.02994230499268 9.769640045547487 9.762331845474247
105024 8.939775868988038 8.041170353698728 8.977872640609743
105026 10.72522782516479 9.10563989715576 10.1475022102356
105042 9.777121445846554 8.771030014419551 9.28671747512817
105050 11.239925258255 10.6280398601532 -999.0
105053 8.587080570602417 8.094890084457395 7.204186708068846
105059 9.876082104492182 8.602080125427241 -999.0
105067 9.102673885345455 11.6578898601532 9.440130389404294
105070 11.83874475021362 10.69335003700256 10.00791423950195
105071 11.81653675765991 11.0929202796936 10.42980230941772
105078 9.23700594863892 8.537569857025147 8.768379138946536
105091 12.27393294830322 11.35321010284424 -999.0
105096 6.558429233932496 7.007909928512574 6.266354523849487
105098 8.053510114669798 7.85381990890503 -999.0
105102 12.67685942115783 11.84036991157532 11.41436230850219
105105 9.765677165603638 8.89769019126892 -999.0
105107 8.688726943969725 7.374949925994869 -999.0
105111 12.70591387023926 12.06848982315063 11.71098895187378
105125 10.67676475906372 9.305450074005126 -999.0
105127 12.06235138702393 -999.0 9.856386541366577
105129 9.100755555343625 8.911649974060058 8.352131905746457
105132 9.908128338623047 8.906559928512571 8.31268572807312
105134 12.9223947856903 10.20971998558044 10.01993099021912
105139 12.5746053440094 12.68183008842468 11.44477946777343
105140 8.988061221313476 8.415990228271484 8.214691955947874
105141 10.26618656311035 9.730759771728511 9.548510240554805
105143 -999.0 6.605490191268924 6.67198940429687
105145 5.635490386199947 2.946889749145506 3.214530449676517
105155 10.29096302490234 9.924459941482542 9.232870521163942
105162 8.135258021926878 7.853130091094968 7.363518741607664
105170 12.17991412658691 11.85001991157531 11.51934143028259
105175 12.8213490272522 12.59013012542725 -999.0
105176 7.54128733406067 7.358840071487427 5.767382516860962
105178 9.22024146232605 9.094859954452517 8.144413006591796
105180 12.67445758476257 12.22049992599487 -999.0
105181 9.282226087570184 7.414669948577883 -999.0
105182 9.410298294067385 9.27619005851746 7.908393017196653
105190 8.086254038238524 8.520969895935057 7.880637705612182
105200 6.914493668365479 5.173239752960208 -999.0
105201 11.49256520919799 10.92381987457275 9.872242396163935
105202 10.95570253257752 10.62094022827148 8.985867613220211
105210 7.125450431823727 6.952159941482543 5.342028860473634
105211 8.525541071319582 8.731000012969972 -999.0
105212 9.59198659057617 8.252430088424678 8.004518664550778
105224 11.35863799552917 10.91733982315063 9.733123486328122
105229 10.09000975570678 9.363699594879147 7.694337187194822
105232 9.006886149597165 -999.0 8.522242628860479
105234 10.72601242141723 10.91293989715576 -999.0
105236 9.867252712631222 -999.0 9.161281039810177
105239 13.43070058174133 13.16479996299743 12.73002890548706
105243 6.268882876586912 4.929780142974854 5.463288612365724
105263 8.113308197021485 7.492360250854492 5.655766523742674
105266 7.937889268875125 8.637859928512576 8.097067884445192
105267 8.307815723037724 8.129300000000002 6.755521090698243
105268 8.80049942741394 -999.0 7.713590948104859
105282 8.574599419403075 8.364090032577517 -999.0
105284 6.338586106491089 4.909319869995119 -999.0
105289 9.330651280212399 9.403869543457029 7.344993466186523
105290 11.37854754867554 -999.0 9.96209465255737
105293 8.22859263572693 7.607559967422488 6.328269478988648
105294 11.03979636268615 9.762589860153193 9.13771938705444
105298 9.022526150894166 -999.0 9.093847144699097
105304 9.293236969375613 -999.0 8.430729997253419
105305 -999.0 9.953039860153202 10.68817049751281
105307 9.237200083923335 8.737539823150632 -999.0
105308 4.905314516830446 4.446040084457398 4.379964022827149
105317 10.12612752799988 -999.0 9.750818878173826
105327 -999.0 10.6318 9.898470514678955
105340 10.4870747341156 9.595490191268919 8.3559074256897
105346 11.97212215728759 10.72086991157532 10.38253291015624
105358 7.949026109313967 7.668060221099855 6.928087929534913
105362 -999.0 9.73081998558044 9.213724185180663
105365 11.16910392150879 10.6516797203064 9.353003265380858
105368 9.273282695007325 8.435559928512571 8.497302948760986
105370 10.21747893829346 -999.0 9.088425020217894
105372 10.37134466133118 10.75883982315063 -999.0
105375 10.42317401313782 9.371580091094973 9.50570095100403
105376 10.71702978057861 -999.0 8.87151859550476
105380 9.281863693618773 9.962480091094971 -999.0
105384 9.750464921951293 8.995899999999999 -999.0
105386 9.933661166381839 9.585190032577515 8.485950024795532
105391 8.01336373023987 7.994009928512575 7.312065846252444
105396 11.81645550003052 9.850699999999994 -999.0
105409 13.07399077987671 -999.0 9.721645345687868
105416 13.14804729766845 12.69701994857788 12.53661162528991
105419 10.88517325172424 10.88088989715576 10.38442856369018
105420 -999.0 9.364119948577878 9.773341354370116
105421 9.69355075263977 8.963600037002562 8.529925052261353
105425 9.20862021560669 8.722550000000002 8.748912687301637
105426 9.585373302459715 8.942929646301266 6.604658572387692
105428 8.688078951263426 7.838080051422113 -999.0
105434 8.944790033340453 7.716430117034913 7.480839222717285
105435 9.33537196960449 -999.0 8.454436534118647
105445 11.03036984138489 11.55814019126892 11.88480949172973
105449 7.717673432159421 7.056919908905029 6.947986318206788
105465 8.650699174499508 -999.0 8.311122256088257
105470 10.82464953041077 10.44818005142212 8.81543025398254
105473 8.749122235870358 9.592239823150631 9.166452092742919
105477 8.113580213165282 9.762139897155755 8.805364764785764
105479 8.14623011550903 -999.0 6.728846602630616
105480 11.0032219291687 10.7007202796936 10.36988808937073
105485 8.192626805114747 -999.0 7.019926518249513
105488 8.811982772445678 8.439589823150634 -999.0
105492 9.628991551589966 9.019140045547488 8.085316456604005
105496 8.92670083847046 7.552380456542966 6.739934890747068
105497 10.0902328792572 9.158769874572753 8.358992148208618
105498 8.729241188049322 8.963369857025146 8.130725366210939
105509 9.430424751663207 9.336619882965088 8.861772562026978
105519 -999.0 9.04283009109497 7.861822573852537
105521 14.86142121315002 -999.0 14.28673377151489
105522 8.212703995895389 7.043740045547487 6.508285899734499
105523 9.817037650680543 9.366359928512573 -999.0
105526 9.998794898986814 8.014560250854487 -999.0
105529 13.75828414688111 13.5915398601532 13.11876596984863
105531 12.98083142929077 11.83724992599487 -999.0
105535 8.507702413177487 8.869319869995119 -999.0
105551 10.55399862251281 11.20276017684936 11.03325425109863
105552 8.667672988128661 8.175400025939943 7.560737131118775
105553 9.52048763618469 -999.0 7.835358749771117
105556 9.854951971435545 9.294799974060057 9.011153887176514
105562 8.961980590057372 8.736610176849366 7.818584539031976
105568 6.177979675292971 4.184540045547486 -999.0
105575 11.96191351699829 12.52920977172852 11.19079775810242
105579 9.356472465515136 9.28425 8.50300312347412
105581 12.39139477005005 11.32235977172851 9.665564286041256
105582 7.808152642059325 7.844480091094971 7.205157668304441
105591 7.979339575958248 7.502489749145507 6.643021730804442
105592 -999.0 10.17476985702514 9.860401033020018
105595 10.76879388885498 10.68874022827148 9.678881134414672
105596 6.599360742950441 6.727130130004883 5.284863046264649
105601 8.866559576416016 8.440340032577513 -999.0
105602 -999.0 10.77238989715576 10.66449363327026
105606 11.59146179656982 10.27546998558044 -999.0
105608 13.74789233322143 12.77041998558044 12.5504731124878
105612 12.72850139656067 12.42285977172851 12.17760929870605
105620 9.758330672836305 9.123319895935058 -999.0
105623 10.09972659683227 9.358209915542602 9.838523595046997
105624 8.731029421234133 7.402359928512575 6.832529454803468
105625 9.739692271423342 -999.0 8.213335836410524
105627 11.60984252929688 11.69399019126892 10.22795879211425
105629 11.45585064697265 11.0480797203064 10.7851388721466
105630 11.25574238739014 11.10386017684936 11.29176286659241
105648 9.266234217453004 9.603880130004885 8.34588825416565
105649 9.870391952514645 9.791419948577877 -999.0
105653 8.771573958969118 8.454180142974852 8.339181298065185
105669 8.011532833862306 6.979609915542602 -999.0
105673 11.87141023139954 10.44115977172851 9.801876218414307
105679 8.079968642425534 7.775530091094969 -999.0
105696 9.414036597061159 8.97913009109497 8.424834035110472
105698 10.90640167694092 10.42836017684936 9.117037654113773
105706 -999.0 5.017259771728517 4.92983754463196
105717 13.14802066421508 12.07510007400512 11.42527618522644
105720 14.27010317993163 -999.0 11.4773501384735
105722 12.19140286102295 11.26629019126892 11.97050200996398
105723 13.62286593208313 12.39881010284424 12.24682000312805
105724 11.0626713230133 8.958290191268926 -999.0
105733 13.41270518035889 -999.0 13.16144500923157
105737 5.807276590728758 5.766399974060057 4.963272772979735
105738 11.03157254829406 9.917489860153196 9.76099975357055
105749 8.431348270416255 7.515639860153198 -999.0
105755 9.115501929855345 8.340109954452513 6.963937631225585
105761 9.546408897399907 8.589830117034914 8.475792123794559
105762 9.499367731475823 8.724489823150634 7.195101470947261
105763 11.78376699409485 11.51793989715576 10.05568869056701
105765 6.247921264648438 5.951749974060059 5.931658175659182
105767 12.14695440254211 12.33926991157531 12.01547405433654
105770 11.84031928138733 10.43803989715576 9.89481966094971
105772 6.511288715744017 7.170080088424681 -999.0
105775 -999.0 7.358140032577515 7.552431573486326
105785 8.331476100921632 9.148259697723386 7.8797273147583
105795 8.701727455520633 -999.0 8.565156274032596
105801 9.532290531921387 9.072680104064943 7.923445496368407
105804 6.82723013420105 -999.0 4.982133278656007
105807 8.772320223617552 8.708119869995116 -999.0
105810 13.34340903015136 12.69394019126892 -999.0
105814 10.26807786827087 9.474449974060057 9.202766772842406
105816 7.373421618270876 -999.0 6.952303517913821
105817 5.956353932571413 4.806140058517456 4.814203544235229
105821 10.36928705368042 9.949689823150633 9.32294907836914
105830 8.751814732742309 -999.0 8.911617449569702
105831 7.957776394653323 7.066519869995118 6.111424748611451
105840 10.10330356674194 9.56346987457275 9.64553022842407
105849 7.909175866317751 7.264359941482545 6.526325540924073
105856 9.222083036804191 7.683700074005128 7.371389419555658
105860 9.7129512134552 9.629019874572752 8.774986537933351
105875 9.873698650360108 8.312730104064944 8.988833344268802
105883 8.665798668670655 -999.0 7.822593103027339
105887 8.389140857315066 6.876909954452516 6.048814136123656
105894 8.627574875259398 7.248459941482544 7.396910742950439
105896 10.301769216156 9.88298012542724 8.860103328704831
105897 8.460208935546872 6.249069985580448 -999.0
105902 7.078553617858886 5.658780142974853 5.038996791458131
105905 9.779754427337645 8.626119869995117 8.047589186096191
105912 9.255089155197144 9.699619908905028 8.750062296295166
105913 11.17910947494507 10.86800007400512 10.08102775192261
105925 8.080757288360594 6.927019869995116 -999.0
105926 7.328364142227175 6.980140058517456 6.931250171661379
105927 9.022816190338137 7.750480142974853 7.959052532958983
105935 8.74554122428894 9.020570279693601 8.824062017440793
105937 9.18135374908447 9.134480014419553 -999.0
105940 -999.0 11.92276010284424 11.38225459747314
105950 8.7337930103302 8.706200012969973 -999.0
105952 8.792145146179198 7.700869857025147 7.987513805389403
105960 7.971588930130004 7.717409915542605 8.187365657043458
105974 7.416786812591554 6.393180117034913 -999.0
105978 7.892403319549561 7.229159967422487 6.300752495574953
105980 12.32167628479004 11.37761017684936 10.90975096549988
105988 8.592552707672123 7.981750000000001 7.404522132110596
105994 7.638595152282713 -999.0 7.097197639465333
105998 9.243003729248047 8.634059697723389 -999.0
106003 7.441395637512207 -999.0 6.220795536422731
106005 8.400586650848386 8.579319948577881 6.652189836120606
106006 8.675319945526116 9.462380125427243 7.977244125366207
106019 12.08016579399109 10.92476994857789 10.54259533843994
106028 12.85953679771423 -999.0 12.04886379699707
106031 9.056814824676511 8.006640228271479 7.316966614532467
106034 10.44726625709534 9.632690058517461 9.840208497238159
106037 9.833259443283081 9.593689823150632 9.203526083755492
106039 11.33471355857849 10.34783989715576 10.86907739677429
106045 12.12307544822693 10.15998989715576 10.77921954231262
106052 7.8714833114624 6.834549999999998 7.250939184570314
106061 7.189681503295899 5.447069882965089 5.581164029693603
106062 10.79004750022888 8.266880051422122 8.443048200225824
106064 8.634429944992064 8.228869857025146 7.36859627494812
106065 12.46353105354309 12.01031017684936 10.34262260704041
106066 8.178388330078121 8.454930051422123 7.729782438278191
106069 9.57108565483093 9.237609954452518 9.534582386398316
106071 11.90636313056946 11.4484702796936 10.28795491447448
106075 7.178831742477419 6.270619882965089 -999.0
106076 9.572551929855347 9.004680104064944 8.823007385635378
106078 -999.0 9.11469019126892 8.947269320678709
106081 7.684875737762448 7.105859967422485 7.045464008331296
106082 10.01173278541565 9.642580130004884 -999.0
106084 9.406367537689206 -999.0 8.881970959472657
106098 8.798239139175415 8.162080091094971 8.511598286819458
106113 9.811677535247801 8.706419874572754 8.38933686904907
106129 8.353996158599852 9.313019948577878 9.496263414764405
106130 -999.0 11.30986998558044 11.37544701271057
106132 7.642551561737061 -999.0 6.407147623825074
106134 7.918897806167602 8.18929997406006 5.813143935394289
106136 8.563001624679565 7.612380117034912 -999.0
106138 9.416880561447146 -999.0 8.126131554031371
106144 10.85887633895874 11.00768008842468 10.69034784660339
106164 8.576729557418824 8.013359928512575 7.473179228210451
106166 8.259635977172852 7.511180104064939 6.860663327789304
106167 -999.0 9.185200025939942 8.513079942321777
106171 9.429576957702636 7.921030142974856 -999.0
106172 12.12831837005615 10.91864992599487 11.03214135665893
106174 9.114468198013306 8.951709928512578 8.80890676498413
106177 10.80544768600464 9.322980051422112 8.639714649200435
106189 8.18833468704224 7.828059967422487 7.077812007522583
106192 10.41631275978088 10.8063601398468 -999.0
106194 8.864413584136958 7.304810139846801 7.027565192031858
106196 11.35122402420044 10.2473 8.946149009704587
106205 13.19024476470947 12.35094022827148 12.50405170822144
106206 -999.0 7.524249925994872 6.958338552093505
106209 9.094000175094603 7.833669948577882 7.268051813507077
106212 10.31860289993286 9.637360102844237 8.993051845169065
106215 9.180550535964965 8.88906998558044 -999.0
106216 10.93358560218811 9.342830014419551 -999.0
106221 13.06612717208862 12.71385003700256 12.14358442001343
106227 6.219901951599121 6.295180117034912 5.517614029693602
106233 10.66165001525879 -999.0 10.23893770866394
106249 9.646357475662228 10.48188012542724 9.461560720825192
106250 11.59075175704956 9.661419985580444 10.15529627342224
106257 10.75304648628235 10.71223005142212 10.4574645401001
106266 8.259469750213622 7.575919895935058 7.52313605041504
106269 10.82792688980102 10.39116994857788 10.45967603225707
106279 7.857476751708985 6.596990058517457 6.218614398574831
106290 9.885401027679437 9.060409771728512 -999.0
106294 9.889764268875123 9.379560176849363 9.458578257369995
106296 7.713738370513916 6.419540191268919 6.253859233093259
106297 8.541696484374999 8.747290084457397 8.46721489715576
106299 10.40685684623718 11.02138989715576 -999.0
106300 10.11115970039368 10.49556985702515 9.756078568649293
106301 11.16905079498291 10.27989959487915 9.745698052215575
106303 9.542769593048094 9.266630014419551 9.64537644767761
106305 8.287660972595207 6.138550037002565 5.914455514144892
106314 10.30895914993286 9.687069948577877 8.935430805206298
106317 8.170887338256836 8.49308013000488 7.245076990890504
106319 8.482810324096683 7.780590032577515 7.485980691528321
106321 4.202837838745118 3.623930117034912 -999.0
106322 11.10674590301513 9.511610102844237 -999.0
106323 12.30021291007995 11.58973989715576 -999.0
106327 6.042775135040285 5.804830091094972 -999.0
106333 8.35458546180725 8.569290045547485 7.994647035980224
106339 3.499839009475711 4.063930091094971 -999.0
106341 8.973307791900634 8.731119869995116 8.188466794204711
106343 8.915900632476806 8.969930130004883 8.926255305480957
106346 13.16660394439697 13.76083008842468 11.80718751602173
106350 9.098938079833985 9.386069857025145 8.862008228683472
106352 -999.0 9.949759771728512 10.11049106521606
106358 9.825058296203611 8.681059967422485 -999.0
106364 10.75325701637268 10.07982972030639 9.633506311035157
106369 13.20330744400024 12.4206202796936 12.54886454658508
106371 8.184469829940793 6.379280088424682 5.43247664794922
106373 8.523065546798708 7.882080130004884 7.549128773117068
106378 12.12088613395691 12.32153982315064 11.60255696411133
106380 7.342515264511108 -999.0 5.232818160247802
106381 8.726356290435792 -999.0 9.414566739654543
106386 10.62003971214294 10.41763009109497 -999.0
106390 9.257364036560057 9.183099925994872 8.677852848815919
106395 9.642316758728025 8.925859954452516 8.689836818313598
106396 12.25658960456848 11.72713008842468 -999.0
106397 9.45505487709045 8.330710139846802 -999.0
106400 -999.0 9.22923010406494 9.161525337219238
106402 9.514806996917724 7.534880088424682 8.291123202896115
106403 9.89198983154297 9.432630051422116 8.60209432945251
106419 8.190227050018311 8.140369895935061 7.598671439743044
106420 -999.0 12.43725 11.64863466873169
106423 8.80038469314575 8.372359941482545 -999.0
106435 13.08230730819702 13.2971297203064 11.97536511268616
106450 8.70692203063965 7.530360247039795 7.123646899414062
106456 7.597399434661866 7.705640084457395 7.779700163269039
106458 12.20959345932007 12.56761998558044 11.91876268348694
106460 11.00232049484253 12.38491987457275 11.87123614311218
106462 11.48420141563416 11.04935977172851 8.222029855346678
106463 10.83248459320068 10.25638982315063 -999.0
106466 12.55101293258667 10.9790898601532 9.547884837722776
106475 7.726772162628174 6.699780130004883 6.297261029815675
106481 7.182538396453859 7.153449974060059 5.544902217102051
106486 12.49531816329956 12.91823001441956 -999.0
106488 9.19140036888123 7.985769908905031 7.291878593826295
106490 11.37681218528747 10.21403001441955 7.928026401519773
106493 10.64038066139221 9.047309808731077 9.46954044799804
106497 -999.0 9.91401989593506 9.421101581192016
106503 10.10487624359131 11.0964702796936 9.185590829086305
106509 12.25470460090637 11.25658001441956 10.84253240661621
106512 6.222996891021731 5.396790032577515 5.681898173141478
106515 8.316428815841673 7.487890058517456 8.390661084747315
106516 -999.0 7.139140032577513 6.169445154571536
106519 11.02789751663208 10.1901101398468 10.59492777824402
106520 5.677116352081299 3.906469869995119 2.698096000671387
106522 9.180859731292722 8.86893014297485 8.574034399795533
106525 -999.0 8.8871 8.283954270935057
106526 12.80213980140686 11.62771991157532 11.18346942710876
106527 6.069806719970702 5.993430142974855 5.857100682830811
106534 13.81878778266906 13.17580003700256 12.4692189743042
106536 8.913877634429932 9.042760102844236 8.05401146316528
106548 10.57657119522095 10.10094004554749 10.18624482269287
106564 9.343927389907835 7.927480014419555 8.007880587387083
106566 8.921800337600706 8.326519857025145 8.64551290550232
106570 10.35908217506408 9.508249925994873 9.251351576232912
106572 7.428157153320312 7.111030091094969 6.702647407531738
106576 8.644143218994142 7.261069857025148 8.116966203308102
106577 9.441946176147455 9.86189996299743 9.137328998565671
106590 8.960690183258055 -999.0 8.492978597640992
106593 11.84538865699768 11.6774702796936 11.133882730484
106596 9.627968389892576 8.063559915542601 8.621451636886597
106599 9.374641060256955 8.940719857025144 9.145535577774048
106600 10.72151434516906 9.787740191268915 9.137756894683838
106602 9.98154136314392 9.333159954452517 -999.0
106606 8.171784705352783 7.088880091094972 -999.0
106609 10.28953201026916 10.19498010406494 9.506397168350219
106612 8.761561398696902 8.932140084457398 8.363059689331052
106613 12.21854928283691 12.94648008842468 12.84198145484924
106620 9.332637282943729 9.06239997406006 8.657233550643923
106621 9.994406073760985 9.026129646301268 8.145241559600828
106640 6.715519145202639 5.338819882965086 -999.0
106652 9.265002183914184 8.956740071487427 7.880061061096193
106654 11.66301421813965 10.14640003700256 8.545199584197999
106658 10.0572725063324 9.16525980873108 -999.0
106666 -999.0 6.922230117034915 8.034935379791257
106672 9.142142013549805 8.651819869995116 8.34296570701599
106676 8.443395828628537 8.13595002593994 8.164549695587157
106691 -999.0 10.00130992851257 8.960324896240234
106697 9.082686983489996 8.154530091094973 7.768930211639407
106698 -999.0 9.694590084457396 9.154093657684324
106703 7.439315895843503 5.110169911575312 -999.0
106707 9.885929018402097 8.450620279693597 8.406434966659544
106713 11.46895094070435 11.16313001441955 -999.0
106716 8.290135645294189 5.379349851989742 4.473361721038813
106738 10.1425257106781 9.848309915542604 9.605129671859743
106739 8.219356119155886 7.658790084457398 7.21273458595276
106749 11.94897690849304 11.65488001441955 -999.0
106750 9.774973247146605 10.8033101398468 -999.0
106753 13.09719381828308 12.16176998558044 12.23200119361877
106754 7.042802054595946 6.260669857025147 5.172981327819826
106755 9.661768257904049 9.196190084457397 9.039605766296384
106759 8.31789493370056 7.841300000000002 7.401819617080689
106760 6.619441511917114 6.265290032577516 6.218049423599243
106768 9.763341468048097 9.275849974060058 8.903975494003298
106772 10.49596074562073 9.872630117034912 9.561826765060431
106774 10.23635710601807 9.624469882965087 9.714165324401854
106776 6.45398143234253 4.701560234069824 -999.0
106783 9.906755362701416 9.014780088424681 8.70493925514221
106784 10.18352335128784 8.753859967422487 -999.0
106786 8.464061617660523 7.392369908905027 7.879606430435181
106791 7.904286625289917 6.006019895935057 5.533637915802
106797 5.719059711456298 4.537750025939941 4.210043063354494
106799 8.126922011566162 6.76503976593018 -999.0
106800 9.748102368164062 10.27890992851257 9.552286956405638
106801 6.710475779724122 6.611200000000001 -999.0
106808 10.77232159843444 -999.0 9.878008602142332
106835 10.26684376716613 9.986319874572752 7.88980036239624
106837 8.514464950180052 7.051290058517458 -999.0
106843 11.85477051544189 10.91313008842468 10.21094611053466
106847 9.333779744338988 9.266749974060057 8.919406640625
106849 9.30883063392639 8.796499987030028 8.492524863433836
106853 9.216192228317261 8.54743009109497 8.704906252670288
106861 8.159814204025265 6.697220353698729 6.425949806213378
106871 10.40714539108276 10.28448989715576 11.20996517219543
106879 9.655194954299924 8.557009928512572 8.235712550735473
106880 8.75591365585327 8.757100012969971 8.343937642288209
106881 5.856801306915282 4.960900074005123 3.0993022315979
106893 8.017350566101074 7.268740071487425 7.203860650634764
106905 10.78045295753479 10.31626010284423 9.45354383735656
106906 8.027506122589111 6.308790058517454 7.093060378265381
106910 9.515837036514284 9.026159954452513 8.391649053955078
106915 11.91384262695312 -999.0 10.93198870849609
106929 -999.0 8.000210176849365 8.199689423370362
106932 10.3560114276886 10.01963001441955 9.033205640029909
106933 10.30118613319397 9.375589860153196 -999.0
106936 6.716732907104494 5.788630117034913 -999.0
106948 13.13392096443176 12.04938005142212 12.64076268424988
106950 9.864646368789673 10.70114022827148 -999.0
106952 8.975341145706182 8.837619857025146 -999.0
106953 6.138145643234252 5.85234998703003 -999.0
106954 9.63468083076477 7.856870279693602 7.491859803009032
106958 13.10874005775451 12.89701017684936 12.82865404548645
106966 7.30398192176819 6.453050025939942 5.823009970855712
106968 11.54774884414673 11.2130702796936 10.63677462043762
106974 10.20942848052978 9.881530088424684 8.635147863769527
106981 8.539566953659058 8.064419857025145 7.647549022674558
106982 12.33288716850281 11.2565297203064 10.33422525405884
106985 8.809748438262943 7.961219857025148 7.257772113037111
107000 9.633195613098145 9.433740071487428 8.879185596466066
107003 13.67052873573303 -999.0 12.26105202445983
107020 9.152273449707028 9.252880088424682 -999.0
107024 9.146757138061524 9.419930130004882 9.370105447006228
107025 6.166534310913082 6.224419869995114 5.488560518646241
107026 7.004183154678346 7.059880117034912 6.966589327621462
107033 11.98454950675964 11.49023001441955 11.30440743103027
107044 8.361406291961671 -999.0 6.920048150253296
107049 9.853924282836914 9.944259941482542 9.025076216506958
107050 12.24147357368469 11.27271010284423 -999.0
107052 9.443009009552004 -999.0 8.238571615219119
107053 8.494800023651123 8.925030142974855 8.513992210769654
107064 10.35357420883179 8.860780456542967 9.175360483551025
107070 8.663181061553956 7.927219882965089 -999.0
107071 5.490690066528321 5.765440058517457 -999.0
107074 9.806300744628906 8.592119857025146 7.869456153106688
107084 9.498158184432983 9.452919882965086 8.105659509277345
107087 7.570070578765872 6.876209915542602 -999.0
107089 11.3721120223999 10.20261010284423 9.92253598251343
107095 9.095728684616084 -999.0 7.10805460891723
107097 9.462719800949099 9.385369857025147 8.375768898773192
107099 9.986843442916868 10.22742972030639 10.26337863845825
107102 12.37371832466125 -999.0 9.436289881515505
107103 11.05781855621338 9.983580125427247 9.399642683029171
107107 5.898052276229858 5.297609941482543 -999.0
107115 11.92512647094726 10.81939992599487 10.27383255767822
107120 9.0171517162323 8.910909954452517 8.772747252273561
107132 12.23691930122375 12.35056987457275 13.09025629463195
107134 8.237388868713378 -999.0 8.141637319564822
107138 8.775162417221072 8.5092400844574 -999.0
107149 7.167229730224607 5.995929720306396 5.668902464294431
107150 10.5830022064209 10.62703009109497 10.00355099334717
107153 10.91899530067443 10.03115000000001 10.08504074897766
107154 9.336915688323973 8.940680142974852 8.652176791000368
107159 12.82391657600403 13.85156017684936 -999.0
107161 12.54997870903015 13.22649019126892 12.77257734603882
107166 8.668924966430664 7.363359928512574 7.72964329032898
107169 8.083116462326048 7.035769874572754 5.783606063461304
107170 11.7218651424408 13.0629898601532 13.03045346183777
107171 -999.0 11.87193005142211 11.1357454586029
107173 10.11676818504333 9.843169869995116 -999.0
107175 8.108109481811526 7.418360102844234 -999.0
107177 7.96780851211548 7.838159967422484 7.331985892486576
107183 7.126795333099365 6.636039823150634 -999.0
107185 13.40931235542297 12.80553008842468 12.32971871795654
107187 9.219844247817996 8.7851 -999.0
107189 11.17797309837341 10.20058982315063 9.528319639587403
107193 12.47188895950317 12.51308012542724 11.14938032302856
107196 6.726453099060059 7.379830104064943 6.059518986129762
107199 9.470753675079344 8.486990058517453 7.744581578826904
107204 7.879105273818971 7.426819908905032 7.39768821182251
107205 7.052268894958499 6.565059928512572 6.165768872833253
107207 12.42122110748291 11.20461987457275 -999.0
107213 7.911396637725829 7.934580014419554 7.737533132553098
107217 8.873495290756225 8.211540071487425 7.677618125915525
107219 8.73610386581421 8.43915 8.178221625900266
107221 13.64316500282287 13.61423008842468 13.0823607307434
107228 13.4668754207611 12.66856994857788 12.55567313804626
107230 12.61230709991455 12.4923202796936 11.98176428718567
107231 10.89115587882996 10.22101010284424 9.15751945724487
107232 11.25832673492432 9.771930014419551 9.573576786041258
107258 8.837484830856322 8.232590058517456 7.770477698898312
107266 12.7191430267334 12.43208008842468 12.76979028968811
107269 10.20773715248107 10.12928982315064 8.73036518096923
107284 13.88415207252502 13.67186017684936 -999.0
107286 9.582904677200313 9.598500037002564 8.452797961425778
107295 9.765634929656976 10.82629019126892 8.731908685302729
107296 7.0542038066864 6.741349974060061 7.864615594863891
107297 9.729034939193728 8.932659928512575 8.68429264717102
107302 10.57878103294372 9.965509771728511 6.829165104293822
107310 9.053152463150024 9.012999987030032 8.024110388183594
107315 9.148897019577024 -999.0 7.24181025314331
107316 8.024782178878784 -999.0 6.705035710144044
107319 9.23632575454712 8.494549925994871 7.962254545974734
107326 9.056744447326665 8.505499974060061 7.792963458251955
107328 10.5520744091034 -999.0 9.14349832954407
107334 9.190271500778195 8.942990084457396 8.946533771514893
107335 10.79742940940857 10.47658012542725 -999.0
107341 11.01291067657471 10.91626010284424 10.18619580612182
107342 8.881821460342408 -999.0 7.420012297439577
107344 10.68080541610718 9.68933989715576 9.483454296493527
107346 4.669753614807129 3.859310234069826 3.979564467620849
107348 9.732697393035883 9.347979720306393 -999.0
107349 10.41251598968506 9.68586988296509 -999.0
107352 8.124786796188356 6.567259928512573 6.197854838943483
107359 9.249850531005858 8.6959099155426 8.370604583740235
107361 11.12284899711609 10.37895007400513 -999.0
107364 11.46030400123596 10.81979992599487 -999.0
107366 -999.0 8.323430091094972 7.830589487457273
107367 11.92512136535644 11.31321994857788 -999.0
107371 10.34228690948486 9.710859808731072 9.315301042556762
107374 9.772011761856078 9.66075002593994 9.673720217132566
107378 8.855966018295291 -999.0 6.678593760299683
107380 -999.0 9.67144997406006 9.190375344085695
107384 7.101621435546873 4.498969948577877 3.796519550704952
107387 11.49808147506713 11.24511017684936 11.13774787788391
107399 10.72235458869934 11.59253982315063 10.12820983390808
107402 10.38271637573242 9.48865977172851 -999.0
107405 6.276407313919068 6.289309967422486 -999.0
107414 11.06941547622681 9.932829720306394 9.534145366668701
107422 10.09116859283448 10.22385995445251 9.479277452468875
107427 7.704512133026124 7.035150012969969 6.143171861267087
107432 10.14436209602355 9.913240228271484 10.05619935379028
107436 10.00226272468567 9.527459941482544 9.480378694152833
107437 12.45904098854065 10.4615202796936 9.479164034271239
107444 11.27248866844177 10.38688001441955 11.07853489646911
107448 9.452657938003544 9.729030117034913 9.370816947555543
107450 7.470064836883545 6.39856989593506 5.62668630180359
107457 9.825605004882807 7.962090302276611 7.769040943908687
107466 12.87650752296448 12.04066998558044 10.88456744766236
107474 7.625175445938111 7.631349987030029 6.860541463470462
107476 12.48196063156128 11.54228982315063 11.34048465538025
107482 11.50161542549133 10.92348012542724 10.41675609664917
107488 11.86378109474182 11.2078601398468 10.21045044631958
107490 7.1913654586792 6.793049974060055 7.222520928192139
107496 9.638337347030639 9.163869908905028 7.323826558685301
107499 13.25008532943725 11.51456987457275 11.41847596855164
107500 10.54626342010498 10.09654019126892 8.3131380695343
107506 10.1142570602417 10.57665 10.77759358940124
107515 7.594682810211181 6.466999987030027 6.396777659606931
107518 9.082299404907229 7.805859928512572 -999.0
107522 7.61362178840637 6.672319985580444 6.759632129669193
107530 11.86561630096435 11.43036017684937 10.56663278999328
107552 11.93649012985229 11.07758989715576 10.03231942214966
107559 8.649974182891846 7.9521099155426 7.51983130760193
107562 9.898259337615965 8.554530125427245 8.77416657142639
107564 8.741396650695801 8.106849974060061 6.899484783172607
107569 8.533894054412839 7.910089778900147 8.587168952941898
107575 10.46327425765991 8.832560139846798 9.474117963027956
107576 11.16351701278686 10.7851601398468 9.799870635986325
107578 9.86345348320007 -999.0 7.499283549499509
107580 9.415874172592163 8.321869948577879 7.053418550491331
107581 10.53472614479065 10.1590601398468 9.60811509170532
107593 9.040564441299438 8.383140032577515 8.193419505691526
107598 8.319858491897584 8.143840045547485 7.365945447921753
107603 10.37421363830567 9.920650000000002 9.069153537368773
107605 10.77169144706726 11.03991017684936 10.83889160308838
107622 10.26429452056885 9.58516990890503 9.256357221221926
107637 9.335133853530879 7.088210250854496 -999.0
107641 9.53390021133422 8.153030125427248 7.454724197006222
107643 8.416040612030029 7.638619869995121 6.324792317962648
107644 8.360390954589842 7.278659954452515 -999.0
107647 10.2202733455658 9.674390228271484 8.152407886886596
107653 10.11340473136902 10.12515995445251 8.28213330001831
107658 9.406812485122682 9.198280117034912 9.117288404464723
107664 -999.0 8.692430091094971 8.438609387207029
107676 14.72703322486878 13.67224996299743 13.72398844184875
107677 9.397401987457279 8.40154998703003 8.222501146316528
107680 13.24070187835693 12.6234297203064 10.75759379272461
107689 -999.0 5.599909967422485 4.720120722198486
107696 -999.0 9.99976017684936 9.21941903839111
107706 9.429725164413448 8.566790191268922 8.072445412063598
107711 11.86093213996887 11.31701987457275 -999.0
107717 5.361650358963014 -999.0 4.709784983062744
107721 7.033636925506589 -999.0 6.617612224960328
107738 11.46925202484131 9.917009771728514 8.938837341690064
107743 9.256257935714723 8.677909928512573 9.1198207359314
107747 8.610656762313845 8.482640058517458 7.651060537338259
107749 8.344332975387577 7.55816986999512 7.117859083938599
107758 14.04988308563232 12.5815601398468 12.24914123268127
107763 6.677259159851075 6.802980117034912 6.534443888854981
107767 11.59940866508484 11.21014996299743 10.05887951126098
107768 10.15324994010925 9.939480051422114 8.51096959838867
107770 8.100064218139646 8.420529646301263 8.24965855331421
107775 9.629535673522946 8.796009808731078 7.825176234436032
107785 14.07247075424194 13.33878989715576 13.19843368148804
107786 8.997616166687013 9.167359967422485 8.111715355682373
107795 7.472992592239379 7.77114997406006 6.159638427734375
107798 10.54711925926208 8.88505002593994 9.140351604080198
107799 10.13868484268188 8.912230014419555 -999.0
107801 -999.0 13.09554019126892 12.69284189567566
107805 8.097173196792603 7.453580091094969 5.921519980621335
107823 9.988600171661375 9.43043009109497 8.446458465957642
107827 14.67066906127929 13.72669996299743 13.35453760910034
107828 9.997145114135739 8.565649962997437 6.870009430313111
107838 7.260842950057981 -999.0 5.984031954956055
107847 8.01398249549866 7.287219895935061 6.308640150451661
107848 11.96293076591492 11.10466994857788 10.50198523635864
107857 12.2126570400238 12.08266010284423 11.10420580978393
107862 9.38072198562622 -999.0 8.948788335418701
107873 7.753990384674074 7.542340045547486 7.16890177154541
107887 9.615011843872072 9.29065 -999.0
107893 6.050100819015504 6.004859915542604 4.87729529800415
107895 7.633593824768067 6.218079646301268 -999.0
107899 -999.0 10.83495980873108 10.87007968826294
107904 10.1227772907257 9.556390032577514 9.492392639923096
107907 11.77627418060303 11.54319996299744 10.01005310401916
107918 7.838340041351316 -999.0 7.452859580993651
107922 8.7841216053009 8.750460102844235 7.837851707839965
107935 11.18848268814087 11.6444898601532 9.299831802368159
107946 9.122386775970458 8.651130117034914 8.254571647644044
107948 8.536754265594482 7.632180091094972 7.293692898941041
107950 11.82541248893738 11.25984992599487 11.19938663253784
107952 9.562408339691164 9.62660002593994 8.90717414665222
108002 12.08860230445861 12.59215980873108 11.82651729469299
108010 10.90322419013977 9.879800037002562 9.172795672607416
108019 10.78486300048828 10.1671202796936 9.306558792495727
108020 9.986030746841429 9.070330130004884 -999.0
108028 7.362600412368774 6.855890084457396 -999.0
108030 10.54727378692627 9.225830088424681 -999.0
108031 11.5971447807312 11.52540980873108 12.24721212158203
108033 9.539115363311767 10.00571986999512 -999.0
108038 12.75525571784973 11.63453001441955 11.55766291046143
108039 5.957778907012939 5.348380142974854 4.950143911743165
108055 8.341824798202516 7.546209967422485 7.095255702972415
108056 8.164529069519045 7.199059915542603 6.274233005142215
108057 7.676203365325929 7.394849987030028 7.528318217849729
108075 8.981702967453003 -999.0 7.525989932250976
108089 -999.0 9.49136025085449 8.426988104248045
108093 8.111057342910765 6.600529720306394 5.968958684539794
108097 10.47461464195251 8.199610176849363 7.535566296386719
108102 9.781822391891478 9.707400037002563 9.321115727996824
108103 10.03424666862488 9.135349962997436 10.94245598220825
108112 10.72955206298828 10.50956998558044 -999.0
108117 8.520961909103393 -999.0 7.671420172882073
108119 9.280397947311402 8.698650074005128 7.621760671997071
108120 14.29175541992187 12.86040003700256 12.80371362571716
108125 10.02125652275085 9.848999999999995 9.369612636566163
108126 7.420309704971315 -999.0 7.663569626998903
108128 10.1922484375 9.614830117034916 9.01027593612671
108132 7.585001411056519 6.081729720306397 -999.0
108133 7.86086580848694 6.899440084457397 5.443893297576903
108134 8.751799470901489 8.510990045547484 8.069631369018555
108144 8.507657656478882 7.294759915542602 -999.0
108146 9.695350998306276 8.395669985580438 6.081697067260739
108151 8.060984155273438 7.751640045547487 -999.0
108164 8.549566540145875 8.073630130004883 8.022437138366701
108171 8.578672056579592 9.164949974060058 7.001351605224613
108174 11.13267658004761 11.7120398601532 9.444419815063478
108175 9.344624813079832 8.250050025939943 8.262831148910522
108181 10.40631966629029 -999.0 10.88409467887879
108183 10.1171416595459 9.445159928512574 9.162238884353638
108186 9.373599646759034 9.570030014419554 -999.0
108188 12.23270458602905 11.45333982315063 10.73331018638611
108191 7.757040069198611 7.401109954452516 5.957296279144288
108195 11.20108405761719 9.95752972030639 -999.0
108200 12.00941940460205 11.48944996299743 10.25084601135254
108206 9.873899778366088 9.601830142974858 8.872731746292114
108209 11.25486414642334 11.00821986999512 10.48433940696716
108212 3.884625551605224 2.980839778900145 3.2910748878479
108223 7.547762914276123 6.980740084457396 5.688131175231933
108224 7.738873608016968 6.043680104064941 5.066369218826294
108227 8.551623752212516 8.162589823150636 7.017577486038204
108232 9.47241188392639 7.988869911575316 8.420883278656005
108240 10.06385131187439 9.170829720306395 8.53567039718628
108242 12.38178786354065 11.39629999999999 10.55574728355408
108243 -999.0 8.578019908905032 7.798845511245724
108246 10.99591894531249 8.797960102844234 9.34855949554443
108252 11.72127240867614 10.86651994857787 10.51429874572754
108255 9.830739755630493 9.520240084457395 8.968974455261229
108259 9.859306565475464 9.423050037002563 9.433026818466184
108274 13.91017752609253 -999.0 13.23899798812866
108275 13.71954988288879 -999.0 13.30188428153991
108278 7.970333827972412 -999.0 5.572103751373293
108282 9.03824040603637 7.345800037002565 8.715275210189821
108286 6.260494212341308 4.65299997406006 4.693208704376222
108291 8.332146245193481 7.26923013000488 7.1732732334137
108296 11.3160836769104 11.75306017684936 11.47475777053833
108301 11.91380089187622 11.49359019126892 10.27206519088745
108322 9.118560320663452 8.49325 8.354560626602176
108326 8.465850402832034 8.010530091094973 7.477646103668214
108339 4.622006640625002 -999.0 3.609915699768067
108340 11.66781918869018 -999.0 9.587645970535274
108341 12.09780278778076 11.94731994857788 11.22455081443787
108355 9.456521936035152 7.912680130004883 -999.0
108358 10.55193596916199 11.31711991157531 -999.0
108361 12.62595627937317 11.27413012542724 -999.0
108365 8.338845486450193 9.22460001296997 9.024128630828857
108372 11.83474637031555 11.53148005142211 10.48102861022949
108374 9.557997676086426 -999.0 8.484120093917848
108375 9.814540722274781 9.070759928512572 9.452706034469607
108380 9.662977676773075 9.2882 8.42440205230713
108382 11.21504929580689 11.06963005142211 9.781654497909548
108388 6.041568714141845 5.025990084457399 -999.0
108392 10.06223772468567 8.503559967422483 7.343476644134523
108397 11.07218429946899 8.985469543457027 7.932798069000242
108404 8.810601124954225 8.023230117034913 -999.0
108410 11.80917951545715 11.3509898601532 -999.0
108414 13.16452772979736 11.66218989715576 11.50326791000366
108415 10.34739590873718 8.843480051422121 8.0328767337799
108421 -999.0 6.169169617462158 6.666712521362305
108425 8.163337448883059 7.164110221099853 9.086066370773313
108428 11.58369184494019 10.60339019126892 10.50926548118591
108430 9.323246255111695 8.715019895935061 -999.0
108431 8.643577915573116 7.92633010406494 -999.0
108439 10.44590287933349 8.310270279693603 8.092920614624019
108446 7.960242538070678 -999.0 6.469580295944215
108455 9.428909685516363 8.449190084457399 8.1287928855896
108461 12.85980803909302 12.63798001441956 11.90209313926696
108466 7.349789974975588 7.155309941482545 6.901662197494507
108473 11.15549572868347 9.707210176849358 8.934233248901366
108475 10.2415912601471 10.23171017684937 -999.0
108481 9.706836228179931 9.925420279693604 8.657292516326901
108484 8.400969813156127 9.103030142974852 8.836858826446534
108504 10.95203325691223 9.876059771728515 -999.0
108506 12.20083702392578 12.17129019126892 11.42793121948242
108510 12.25189961471557 12.32928005142212 -999.0
108516 7.801552484130859 -999.0 7.996269766998289
108522 8.949177282333372 8.612830117034916 8.29993593940735
108533 11.23976444892883 10.10553009109497 10.41156958427429
108555 6.345479083251953 5.883969857025144 6.487259712982176
108556 7.528900720596316 -999.0 6.838802706527709
108559 12.2366849193573 11.51324022827148 10.5790267086029
108560 10.90669947738647 11.16648012542725 10.30519512100219
108570 8.927001750183102 8.945779720306394 7.702209473419185
108571 9.174008546829224 9.59668013000488 8.976279874801634
108574 7.761554636001589 6.955180104064943 6.207908390045167
108577 9.244712217712404 7.491669857025148 7.387511312103271
108583 10.43579439086914 8.364630088424681 -999.0
108584 10.74937242469788 8.7818898601532 9.102216616821288
108588 11.4983985534668 11.4638398601532 11.14655977668762
108593 9.87755045776367 9.267260102844233 8.356654898834226
108599 10.05082259063721 9.498980104064941 9.303650887680057
108600 9.914975115966794 9.253609954452514 8.303659497451783
108609 6.6458000541687 6.757399974060058 5.49428960723877
108615 9.51293844490051 9.709130117034913 -999.0
108619 -999.0 9.82464022827148 8.682893669128417
108623 8.454683554840084 7.349359440612789 4.715872285461421
108624 -999.0 6.461160176849365 4.886207921218876
108625 11.70559762229919 10.74474022827148 10.83595158195495
108631 12.01018484191895 11.6692797203064 12.33439602890014
108640 9.591011728286745 8.73691986999512 9.227110305023192
108649 10.45210360183716 -999.0 10.17546775970459
108653 9.882753934097291 9.502330104064939 9.188423088836672
108654 8.503499675750728 -999.0 7.819247669219967
108660 11.73567582054138 10.4665601398468 9.539020537948609
108677 11.56411612052917 11.26686017684936 10.96647981910706
108679 9.18219519424438 8.2127202796936 7.822099962615962
108681 9.776720474243167 8.855459954452517 8.228534602737428
108693 7.560909913635256 6.759619869995118 -999.0
108695 11.90396845054626 11.08621991157532 10.68237203636169
108697 9.294134673690795 7.462630091094969 7.58885260848999
108698 10.31887566452026 9.794340084457396 9.821039735031128
108702 10.7595073890686 10.02881010284424 10.57619986228943
108707 11.00726795654296 10.90553013000488 10.68495273551941
108712 8.464501207351685 7.667440032577517 6.860186163330078
108713 8.219193647766115 6.594619948577876 -999.0
108716 8.3162941696167 5.987530130004883 7.713832070922854
108721 13.30761797981262 12.6904702796936 12.7564132358551
108722 10.56718021354675 10.97120977172851 10.83403790626526
108724 11.59148927078247 11.48540003700256 10.02471730575561
108735 7.211545297622683 -999.0 6.990283047103883
108737 -999.0 10.21748001441956 9.852361852645869
108738 8.085773011779786 7.575440045547486 7.437091513442996
108743 12.77551277732849 12.25958012542724 11.31426534118652
108747 9.742352314758298 9.814749925994871 8.774132303237915
108749 7.635410598754884 6.854130091094972 6.109561449050904
108750 -999.0 8.40890002593994 9.454004697799682
108755 8.84002116622925 9.397730051422117 8.728026535034182
108765 11.64079060173034 11.89018008842468 8.945707757949826
108778 -999.0 8.19901986999512 8.220416376495365
108779 10.61637715454101 11.0766702796936 10.7902331451416
108783 10.29993086471558 9.411160102844235 9.17022811164856
108785 -999.0 7.524570279693598 5.180894742584226
108786 8.346184728622438 7.134390032577516 7.144128760528567
108800 8.929076021575927 7.907560208129882 7.198045867919923
108807 13.95485713653564 14.04446017684936 -999.0
108815 8.7988738697052 8.019930142974854 6.907773611450196
108821 11.22096746101379 10.50575977172852 8.274022412490844
108825 11.24573320655822 10.60054019126892 10.07986024284362
108834 8.823948238754276 8.338840058517459 7.795953876876831
108835 10.08500104751587 9.596880142974857 9.120951958084106
108837 10.50509471778869 8.73901998558044 9.636323723602294
108845 6.365840250778199 6.870769911575314 5.369263903045657
108850 7.046306435394286 6.792319908905029 5.611141670227051
108853 8.325036991500852 9.083329720306393 -999.0
108854 8.301985329055785 7.472669857025146 6.854691724395754
108862 11.40145791168213 10.20286010284424 9.330850612258908
110851 9.992177748870848 9.604630117034912 -999.0
110854 6.938186829757687 6.850459954452513 5.844727832794189
110856 7.968584379959106 7.235890071487427 7.390340912246703
110862 8.291108078002928 8.253309915542602 7.244297631454467
110868 8.875207192230222 7.314719948577881 -999.0
110875 7.143802654266354 6.580380091094972 6.696080219268798
110888 12.30025230331421 12.04353012542725 12.58880781402587
110889 9.607505715560912 9.885830130004884 9.07352741966248
110898 9.5461682346344 8.396140045547487 8.68316084289551
110905 12.80634897842407 11.88880007400513 12.15730163345336
110908 9.803442753601066 8.458319948577879 6.147351745605464
110912 8.97613229980469 8.317159954452515 7.746091622161867
110916 8.80911961479187 7.395289823150634 -999.0
110917 8.590461138916014 7.790769869995115 7.92361802215576
110920 9.191920762634277 8.63625 -999.0
110927 13.39046675682068 12.42451987457275 11.09174824600219
110929 12.17915591583252 -999.0 10.60404444236756
110932 12.32722193679809 10.80491017684936 11.81591892852783
110933 9.669711131668091 8.521940045547485 8.70106962623596
110944 10.38620033035278 9.993630091094971 9.615668547821045
110948 9.574488472366333 9.352119874572749 8.5500544342041
110963 13.56196972846985 13.7086398601532 12.96837814254761
110966 10.33293067436218 9.408159954452518 8.765186204910279
110970 9.323163161087033 9.34535980873108 9.380237861633296
110977 12.12078196525574 12.90105003700256 12.11055858650207
110981 9.283722458648683 8.622840045547488 8.402361601638795
110986 12.19995055580139 11.23154022827148 10.16270501823425
110988 -999.0 9.556999987030029 9.413634216308594
110993 11.74093074455261 11.5823797203064 11.15040686302185
111002 8.9751284488678 -999.0 8.659724034500123
111015 -999.0 9.47903982315063 9.27238951797485
111022 8.912475354003906 7.665609915542603 7.277111016464236
111037 5.274829638671877 5.760650000000002 -999.0
111042 11.0072596824646 10.03110003700256 9.939221364212033
111044 -999.0 8.750080130004886 8.601235158157351
111048 8.758248640441893 7.669159941482541 8.014380561828613
111051 12.08023647460938 12.26521017684936 -999.0
111053 8.683062243652348 8.415140084457398 8.033979554748537
111054 9.569717154312135 8.7943601398468 8.667192953872677
111056 11.29971154327392 -999.0 11.23945823135376
111066 9.966854722213743 8.923719948577881 9.702592591476439
111067 10.98007455368041 8.978209771728512 -999.0
111069 7.096003171920778 6.636749974060058 5.135974744415283
111070 -999.0 10.54455996742249 9.32760491218567
111071 8.57467312850952 7.927689791870116 -999.0
111080 7.768143408966064 6.689199987030027 6.716137802886964
111084 9.893242789840698 9.255789897155761 -999.0
111100 9.990640378952026 9.140359941482544 8.975808687591552
111102 -999.0 11.6044702796936 11.43410761756897
111107 9.807400617218018 9.601600012969975 8.885720243072512
111114 10.45785722618103 10.55225977172851 9.27721757698059
111126 9.06072664794922 8.019130142974856 8.480386981582644
111138 9.583421316528316 7.404919617462156 6.401159656524652
111141 8.275593045425415 8.319319908905028 8.07180003967285
111142 9.976462309646607 -999.0 9.222836854934696
111144 7.483734765624996 7.335690228271481 -999.0
111145 10.62885606994629 10.27214022827148 9.970003086090088
111147 10.37134939155579 10.05755 8.98192732925415
111148 12.16584080314636 11.01983005142212 10.00874818687438
111150 9.322122319030765 9.05386998558044 8.159400699996942
111156 7.164930741500856 -999.0 5.203919000625609
111165 10.53570815734863 9.917800074005129 -999.0
111167 11.60924813079834 11.27644992599487 10.13261558609009
111173 10.99832429580688 9.755430014419549 8.211244859313963
111176 13.26553700752258 12.76365977172851 12.15666312179565
111177 7.957488057708739 7.430380014419553 -999.0
111183 8.68345351333618 -999.0 8.799751494979857
111185 7.013362416076655 7.171470353698727 6.582450826263424
111189 -999.0 7.400880130004886 7.09231403579712
111196 10.01096009101868 9.270909967422483 8.929471924209597
111208 9.45716892776489 8.786100074005121 -999.0
111224 9.849212231063838 10.56578989715576 10.13927844772338
111236 8.897692694473267 7.303830091094969 7.444322839355467
111237 -999.0 11.22433012542724 11.36827924919128
111243 7.343664513397216 6.526049987030028 6.812798780822753
111246 8.527896441650395 8.366369882965085 7.881950525665284
111253 6.753697188949586 6.872709941482545 -999.0
111260 8.211722430419918 -999.0 7.18708639526367
111262 9.159380611038207 8.349150074005124 8.540536731719971
111271 12.61816273422241 12.12410980873108 12.65161493492126
111274 9.00003757209778 9.48726017684936 7.988429945373538
111275 8.675805273437495 7.600969948577875 7.596667748641966
111281 8.880213422775267 -999.0 8.27609845046997
111284 10.93649896507263 10.69486987457275 9.757458761215206
111288 10.45990659332275 9.516319869995119 9.751344295501706
111292 -999.0 10.38383986015319 10.23048634529114
111305 6.518963547515866 6.250980104064938 6.119620590209959
111308 9.000303207015993 8.899980142974854 8.650165187454224
111309 9.06872942199707 9.245480130004882 8.443651552200317
111321 8.936075445556643 9.15508009109497 8.890169399261474
111326 7.036498078918458 4.985009941482545 -999.0
111335 12.93817605171203 12.83546998558044 12.29503128509521
111344 7.491875332641601 7.072899999999999 5.876620902633666
111354 10.12450391235351 9.32973001441955 -999.0
111357 9.530013112640383 9.32630002593994 8.796644472503662
111361 10.71744463806152 10.28940007400512 10.45409956321717
111363 10.67425507202148 9.97526990890503 10.10385928382873
111366 12.12130228919983 11.35945 -999.0
111380 11.78503161582946 12.56088005142212 12.42652246437073
111382 10.7973903640747 9.796340191268923 9.584599661254883
111385 -999.0 9.03011010284424 8.207551784896847
111386 12.16041569900513 11.99311991157532 11.51321703834533
111388 9.292120641326907 -999.0 8.68230319900513
111392 6.330893127441407 5.620750025939941 -999.0
111393 9.244148458099366 8.740069857025146 7.450848146820066
111395 9.019478712463378 8.960440045547486 8.637893651199338
111396 9.309503470230101 9.245119869995115 8.633648083114622
111410 9.311263257980345 8.624580051422118 8.238453942108153
111412 9.797154013061526 9.340259967422487 9.240500101852419
111413 7.454541627502445 6.935380091094973 -999.0
111417 8.380806593704222 7.42635002593994 -999.0
111425 11.35383823242188 10.18073001441955 -999.0
111438 9.572413719940183 9.068150000000001 7.792087326812743
111447 6.412816729354859 6.096809941482545 -999.0
111452 9.1611419631958 8.629249974060059 8.50512188606262
111453 8.115562909317017 7.749490084457398 6.347893534469605
111457 8.692730316162109 8.27255 7.906993003082277
111462 8.981043908691408 8.329540084457399 8.169958210754395
111463 7.573181819534302 7.2945900844574 6.892552251052858
111468 14.63310826072692 14.5178101398468 14.11365204849243
111470 10.60197065353393 9.832220279693601 8.963218297195436
111484 14.24456268882751 14.10416017684937 13.40855366859436
111485 11.52408101882934 11.12764996299743 -999.0
111490 9.489219935226437 9.298780142974856 -999.0
111496 8.448154763031006 7.202180091094969 -999.0
111504 7.553461629486084 5.848660221099855 -999.0
111509 7.020706705474852 7.34864997406006 -999.0
111510 10.1658418434143 9.012510176849366 8.955122576141354
111518 7.360140385437008 7.094280456542968 -999.0
111520 10.73643227119446 9.92898989715576 8.435793179702758
111521 7.958511940383907 6.981129720306394 6.605048447418211
111523 9.02125967025757 6.320149987030029 6.091666101837157
111528 9.401264303588862 9.918169874572751 8.654380405044554
111533 8.849440398406982 6.69689992599487 -999.0
111534 8.195824031066891 8.406650405120846 6.99118178024292
111544 7.822765059661863 7.813729646301271 6.351913863372802
111545 11.69052128791809 -999.0 12.11803787193298
111551 13.02093623161316 12.57825 -999.0
111553 10.34754297294616 10.81028008842468 10.1609179775238
111559 8.389380057144162 6.814469911575316 -999.0
111561 11.14319723815918 10.6663297203064 10.48152842292785
111566 12.0608470703125 10.92421017684936 10.69442569351197
111567 5.65396251220703 -999.0 6.4219671005249
111569 -999.0 11.21540980873108 10.07354043159484
111570 9.617662291717533 7.847579720306392 7.27807744445801
111573 8.450929504013061 8.310849974060057 8.367815429306027
111574 11.15301952667236 10.47341998558044 11.12247606201172
111578 11.1393713935852 10.42240977172851 11.35021300430297
111584 12.60366646156311 12.13601010284424 11.35835195007324
111587 11.12032637290954 11.6084702796936 10.7548052028656
111607 7.705211545181275 6.863880091094972 -999.0
111616 8.169671048736573 8.004189823150634 6.463285840606687
111623 5.725672495269777 -999.0 5.650903219985962
111633 7.704129961395265 -999.0 6.851039198684695
111638 7.996116693115232 7.455899987030032 6.86746859741211
111641 10.95043722610474 10.53645003700256 10.41810015716552
111644 8.826424057388309 8.65996985702515 7.848555253982542
111645 12.6228207813263 12.96968012542724 12.19981094436645
111650 7.678055326843263 7.702509915542605 6.297770393371584
111655 -999.0 7.974630091094971 6.952466925430298
111663 10.20221613426209 8.674910139846807 8.261698189544669
111665 9.320832912063596 7.970520279693602 -999.0
111666 7.835919275283817 7.337219895935059 -999.0
111669 12.49322558708191 11.11669992599487 10.94013635787964
111672 10.85593768196106 9.99671994857788 9.349107575607299
111674 9.700360382080078 9.660009915542606 9.681282825469971
111676 -999.0 7.252369869995117 6.259331819915771
111680 12.69620663871765 11.71915007400513 12.22694221878051
111682 8.356144033050537 7.820710208129885 6.971471402740479
111685 8.6227190990448 8.164240045547487 6.926373726654053
111691 6.078241781616211 5.551390058517457 -999.0
111693 7.798950387573244 8.188090084457398 7.985586304473875
111696 12.10648335533142 11.82849022827148 -999.0
111699 11.4404430896759 11.13987027969361 -999.0
111703 10.63412215232849 11.07278989715577 -999.0
111706 8.962764361572269 7.927749974060061 8.133673637771606
111707 12.73912364997863 12.37095 11.38126712226867
111722 11.49764109077453 11.16424996299744 9.992184650039672
111729 9.58635951538086 9.008880130004883 8.885969022369384
111737 8.904288510513307 8.690019857025145 8.014118523025513
111742 12.51986304550171 11.87186998558044 12.35261341743469
111746 10.54988172416687 9.784339823150626 8.931406525802617
111751 8.36435405731201 7.705140071487429 7.638834939575198
111757 9.506750210952756 9.020349999999992 7.409931404876707
111761 9.083170291137694 10.27675996742249 9.032838951873781
111763 7.695850862884524 6.678480104064943 6.90454281692505
111766 9.28858897819519 9.091669857025149 7.570735344696046
111769 6.650508895874025 6.982509967422486 6.772800666046144
111771 7.716346945190431 7.138740058517457 -999.0
111778 10.51936730499267 10.38951998558045 -999.0
111780 11.64680642013549 10.85994996299743 10.47208153190613
111784 7.784721747207644 7.879990045547486 7.791856150054932
111786 8.56095670852661 8.717340032577518 8.325669168090819
111787 9.462439577865599 9.216949987030027 -999.0
111789 12.53228327674865 10.79248989715577 -999.0
111790 9.202896730041505 8.802619882965086 7.884827510833742
111791 8.293521062850953 7.821739739990234 7.386570178222653
111795 8.277348022079467 -999.0 7.245513531112671
111804 9.786116242980956 9.415080117034915 8.046478208541872
111805 8.895224820327755 -999.0 6.830975869750976
111812 12.54494481620788 11.0345 11.82642062225342
111822 12.19258180427551 -999.0 10.66394263267516
111824 8.72505632019043 8.503640045547487 -999.0
111833 12.19021507263183 11.60566991157532 11.59650952949523
111837 12.54144197540283 11.1495601398468 11.56982639160156
111844 7.634109560775759 6.915950000000001 -999.0
111845 10.98865765914917 10.6715 9.508867979431146
111849 9.119137908554073 8.892780051422118 8.019159924697872
111851 11.72667918243408 -999.0 11.39152641716003
111854 6.069817208862304 6.357960247039794 5.808284786224364
111863 7.664925378417968 7.550399987030031 7.605576909637452
111877 5.327326515197754 5.611150012969973 -999.0
111882 9.702081247329712 9.06880001296997 8.955672525024411
111886 12.13446784820557 10.88555977172851 -999.0
111892 8.348947007751462 8.100530117034912 7.792355164718631
111898 -999.0 12.76758005142212 10.12601308135987
111900 10.1746887298584 9.276919908905027 8.751336183547972
111905 8.991106772994995 8.754060176849356 7.878911045837404
111910 11.42519513092041 11.38759022827149 10.66855601043701
111911 8.584811727523803 7.791389823150633 -999.0
111913 6.723413355255124 6.324610260009766 5.799854523468019
111914 9.105373287963868 8.01119005851746 8.322305781555176
111918 7.515974565887451 7.034780117034914 6.195750035095217
111920 9.268296679687495 10.11708005142212 -999.0
111931 11.83225240516662 11.64211998558044 11.29892572212219
111935 13.02337739486694 -999.0 12.75507111549377
111937 -999.0 7.020469882965085 6.9807769908905
111951 9.237865707397463 8.806319948577876 7.391856027603147
111954 8.389557982635493 7.809440228271486 6.836020919799797
111955 11.55782162399292 11.83070007400512 11.06699055786133
111965 8.579712313079835 7.910549999999998 7.904273701477051
111971 -999.0 10.08578005142212 9.466262960433964
111979 11.08198303260803 10.6431202796936 9.20797771759033
111981 9.112115138626098 9.413280117034912 7.893102775192261
111982 10.88059474220275 9.74781998558044 9.51993380699157
111983 7.677744329071045 7.660849925994874 -999.0
111984 8.0536702835083 6.233610234069825 6.91121194458008
111986 10.5778225112915 11.35088989715576 -999.0
111987 6.311840808868409 -999.0 5.192563320541383
111991 11.05552728462219 11.38928001441955 10.38541200523376
111995 13.18934790725708 12.27354019126892 12.38180246734619
111996 8.100818323516846 7.81089998703003 7.109668782806399
111998 11.46875053291321 11.29950977172851 11.60577785377502
112001 6.334122526168823 5.962940084457399 5.283271487808228
112002 12.04167284355164 12.09474999999999 11.84104567871094
112006 8.495755891418458 8.304090032577516 7.755237594223022
112018 8.661260615921023 8.422509967422485 -999.0
112020 13.35195855827332 12.01888989715576 11.69242474899292
112030 10.02899797821045 9.803630142974853 9.27531485519409
112031 10.65483336372376 9.61694019126892 10.86655091323852
112038 10.56163094406128 10.25058982315064 -999.0
112039 8.574428319168092 8.740480104064943 -999.0
112042 8.501920954513547 7.446159915542602 5.766940833663941
112057 9.951054276275638 9.524890032577517 9.206546009826663
112060 11.26620667915344 10.38408005142212 10.31081338920593
112067 9.952186138916014 9.543219857025147 9.076582117080692
112073 -999.0 8.286790191268922 7.180980401992795
112083 7.669058526611325 8.279230456542965 8.206079493713375
112086 9.16787791366577 9.131790058517456 7.967496520233154
112089 10.76195140914917 9.675319911575318 -999.0
112090 12.28185844268799 12.41634022827148 11.08897296218872
112093 11.08671324653625 10.63000007400513 9.359078096771238
112097 -999.0 8.171330014419556 7.863563019561766
112098 7.140442190933227 6.366509915542602 5.521137960815431
112100 9.674147367858886 9.922069948577883 8.60435648765563
112116 9.485297371673584 9.002719869995117 8.287082438659668
112133 4.527250516891479 -999.0 3.165588796234131
112139 9.029303054428102 8.407100025939943 -999.0
112140 -999.0 10.6965702796936 9.59896971321106
112141 -999.0 6.443159915542603 6.013829744338989
112142 11.21429660186768 10.89252972030639 11.88992482833863
112145 8.252898359298708 7.26624997406006 -999.0
112148 8.497886867523196 8.597859954452513 7.800327767181396
112154 8.735276505661012 8.219390084457395 7.486808385467527
112182 11.38290306930542 11.06075977172851 10.52131930809021
112188 -999.0 5.877859941482546 5.074482982254028
112192 9.094417651367186 9.65991994857788 -999.0
112194 10.49820614242554 9.477080014419556 8.396019833755492
112196 10.86137276649475 10.5203101398468 -999.0
112202 6.459636361312867 5.86726990890503 5.463155088043213
112214 13.48645899391174 10.98038001441956 11.16942258071899
112228 11.29084886894226 10.29741010284424 11.28522367477417
112230 7.910122779464713 7.48566991157532 -999.0
112231 9.217964420318602 8.086830104064944 6.895933906936646
112232 10.28111992797851 10.63079996299743 9.080285456848147
112244 8.94133986968994 9.251599974060056 8.407119227218626
112253 7.736650522994999 8.03576986999512 7.243900556945798
112256 6.845790490341183 5.932830091094973 5.831413121414186
112275 10.1391822189331 9.576900025939942 9.537814835739137
112279 7.525629357528689 7.201240045547482 6.832587489700319
112284 13.35569268760681 11.64251991157531 10.38441886062622
112285 7.081560227966311 6.411860208129881 5.204483971405027
112290 8.465680073547361 7.905540045547483 -999.0
112291 5.314085937881469 3.969819908905028 4.721732966613768
112298 11.60194699478149 10.93619019126892 -999.0
112299 8.866464880752565 8.444840084457399 7.664525764083864
112301 8.395988496398925 7.329469882965089 7.516614065551759
112302 9.16082205200195 7.169060102844234 8.626991044998165
112304 10.90186760864258 10.66823010406494 9.844305486297607
112305 6.364931385421753 5.529709954452519 4.752593604278562
112316 -999.0 7.36615002593994 7.284759387969968
112331 11.40016382522583 11.6335702796936 11.90102917556763
112358 10.68704972877502 9.938400074005125 10.61766625518799
112368 9.28633008918762 9.152450012969974 8.687862169647216
112373 9.016157538604734 8.260680130004882 6.254825578308107
112379 9.239744301223755 7.964280142974852 8.363552003860475
112380 5.794708240509034 4.474269857025146 -999.0
112382 9.168273143005369 -999.0 7.196194294738765
112392 5.570267168426513 5.977509928512574 -999.0
112394 11.22966090393066 9.379170279693602 -999.0
112395 9.486504146957397 9.165390032577513 8.85081812438965
112398 8.145617922210695 7.156719869995116 -999.0
112399 6.597775300598147 7.06636990890503 5.391626930999757
112402 12.57439007530212 11.70969992599487 10.67019941749573
112403 7.090703213882446 7.096780142974853 6.504889344406128
112419 12.04911891174316 11.0591398601532 10.1448196144104
112422 11.30356827049255 10.83373982315064 9.52021962165832
112430 7.555271903610229 6.281090084457398 -999.0
112432 10.25147178649902 9.035080125427243 9.565888491821285
112437 6.405262369537354 -999.0 5.603620760345458
112440 12.40569801597595 12.11383982315063 12.92254630012512
112441 9.794737382507321 8.710609808731075 8.006964760208128
112442 11.25533945655822 11.12853989715576 11.01489083175659
112461 -999.0 9.88713001441955 8.91602419319153
112463 -999.0 13.72176998558045 13.36780756072998
112464 9.56437145233154 8.491130088424683 8.674249037551876
112475 10.62736612625122 7.644590191268915 8.237880579757693
112487 9.038281696319576 7.984419874572753 7.448776501846311
112488 10.32754626579285 9.427690045547486 8.910613776779172
112489 -999.0 12.33355977172851 11.68121673088074
112498 9.675061631393433 8.83356988296509 -999.0
112500 7.509421725463871 6.866160260009766 6.317642787170413
112504 12.58060512008667 11.90516010284424 10.86804755897522
112517 8.675144517517086 -999.0 9.497780250167843
112521 7.930106443023683 8.62486989593506 7.671772108459471
112534 9.370531640625 -999.0 7.787361944961549
112540 10.00868279876709 8.848190045547485 -999.0
112543 8.686006314849848 8.401610176849363 7.864217445373532
112545 8.17417913131714 8.140030091094967 7.658448825073241
112558 9.719666205596923 8.638150037002557 8.139347878265383
112571 -999.0 9.843640191268921 8.723727225494384
112584 8.845076295471191 7.776150012969972 7.565082299041748
112607 12.30316674728393 11.78704019126892 11.47404172401428
112612 12.86721729927063 11.49698982315063 11.58236171569824
112619 9.489473254013065 9.076950037002561 -999.0
112622 12.52968087806701 10.86653989715576 -999.0
112633 11.99663863487243 11.89123008842468 11.86678558044433
112655 11.12735130844116 10.79026998558044 9.694540518951413
112658 10.1168014717102 9.56333011703491 9.512719432830814
112659 9.704736562728877 9.688360176849365 9.595848816299432
112689 9.028207832717897 7.679659954452513 -999.0
112696 9.636431657791139 9.075009954452515 8.732716096878054
112697 12.03898235702514 -999.0 9.253815463638308
112703 9.14600292663574 8.71369992599487 7.847601898956296
112704 9.746219250869752 10.06403982315063 7.805527348327637
112706 12.25733877029419 11.91085007400512 10.25493725776672
112714 -999.0 8.624799974060057 8.284008267974853
112717 9.13039662055969 8.247710139846802 -999.0
112719 7.090107855224608 -999.0 6.329903157043457
112722 8.530356338500972 9.143999999999997 8.213936823272702
112723 9.69788186416626 9.178940045547485 9.72025285072327
112726 12.50290536270141 11.17205007400513 -999.0
112731 9.830514289093014 8.11584019126892 -999.0
112746 -999.0 6.741500074005124 6.037975419998167
112751 11.5625223739624 10.05580977172851 10.25278958854675
112762 6.296415187072754 4.909580130004882 -999.0
112764 8.640024367523191 8.06666954345703 -999.0
112774 7.563194757843018 7.318719908905028 6.938096228790283
112777 10.5652208328247 9.39721998558044 -999.0
112786 9.53086222991943 8.710330456542964 9.0446134185791
112788 10.28416077842712 9.262099925994866 8.236052569961545
112795 9.09696434059143 8.059780104064941 -999.0
112796 10.76032011756897 10.24278989715576 8.965596850967405
112802 9.53672253227234 8.252419985580437 7.978965680313111
112803 6.032043315887449 6.790019948577878 -999.0
112804 11.06085101356506 10.61761991157532 10.00606042747498
112805 9.01946361808777 7.504149974060061 7.115255635070804
112814 9.489659798049928 9.775130091094972 9.293393424987794
112817 6.942804538726807 6.072800000000002 -999.0
112821 10.11823859100342 10.31238008842468 -999.0
112824 9.347003070449825 8.888130125427248 6.694164981460565
112825 10.81598790092468 10.08240980873108 9.29966933517456
112834 13.50563363723754 13.51056994857788 13.31348027648926
112836 9.532121049499507 9.856069985580442 -999.0
112857 9.448716953659055 8.61151986999512 8.258160798645022
112861 -999.0 10.10610994148254 9.341350469589232
112865 8.28609780426025 6.373219857025147 6.461245744705203
112870 9.788736306762694 9.826219874572756 9.312212199401854
112874 13.22973487892151 12.97934996299743 12.37674564437866
112876 10.27923529586792 9.522619874572753 8.84548991622925
112902 8.882648376464845 8.510810102844239 5.988017695617668
112912 7.260870624923706 6.967609967422487 -999.0
112919 7.212447178268434 -999.0 6.632550892257693
112921 6.761243405914307 -999.0 4.305050709533691
112925 10.97163516540527 10.03764022827149 8.120099346160883
112931 5.566177906799318 6.568680142974853 -999.0
112938 9.147361678695681 8.95909998703003 8.603207632064823
112947 5.865045943450927 4.715469869995118 -999.0
112948 11.22697651367188 10.40516987457275 10.47373460388184
112952 11.05107525558471 -999.0 9.397678628540039
112963 8.3183715965271 8.930399999999999 7.388419275283814
112970 10.15939349250793 -999.0 9.858666681671142
112975 8.988744461059563 8.325599962997437 6.318510886383055
112976 8.238775787353514 -999.0 8.031849890518188
112979 -999.0 9.619509967422484 8.78367968673706
112998 8.63905049095154 7.780399974060059 -999.0
112999 12.64538766746521 12.50746991157532 11.87785481643677
113002 9.187536534118653 8.22638009109497 -999.0
113004 7.709822032547001 6.711969985580437 5.127719301986698
113006 10.51954324531555 9.928299925994875 9.26080207061767
113007 10.84289270095825 10.73789008445739 10.00149357566833
113012 9.568557135772707 8.583430117034911 8.295832950973512
113015 11.44919329414368 10.3303202796936 10.53450426445008
113025 9.445343639373778 8.395069895935059 8.094534907150269
113030 8.418012406921388 7.361119985580439 -999.0
113034 10.58017440299988 10.62230003700256 9.648166268157954
113035 12.33009268150329 11.95289996299743 12.14200616607666
113056 10.3859650024414 -999.0 9.422726707458494
113057 12.78136348342895 11.70833005142211 10.90475377388
113061 11.60731722259521 11.34940003700256 11.29162489356995
113064 10.98634716072082 11.64654996299743 10.78709507102966
113075 8.91477156448364 8.810730014419555 -999.0
113088 7.344488091659547 7.291009954452516 7.653322705459597
116684 10.65379667701721 9.582099925994868 8.911346405029294
116687 14.19529965629577 13.96026991157532 13.82938316192627
116692 10.03308383522033 9.284090228271486 7.193336796188348
116695 6.36855347480774 5.481040071487425 4.805486660003661
116698 9.23588718490601 9.44186989593506 -999.0
116703 12.04721771736145 11.74143982315064 10.7453022190094
116724 10.24873582801818 -999.0 10.2423869895935
116725 8.911366820144655 8.439340058517457 7.350416302871702
116734 9.648049767303466 8.103780091094972 7.948638094329837
116737 9.86306767921448 8.906759808731081 8.016063710784909
116739 6.892350418090816 5.153590191268918 -999.0
116740 9.333294871902467 7.496690058517458 7.873430203247072
116742 10.47536634140014 10.40764996299743 9.50177432060241
116743 9.558770845413209 9.27451990890503 8.999211783981327
116751 11.83727197227478 11.8157601398468 10.44541878585815
116757 9.50650552177429 8.735549974060056 8.811351769638062
116770 9.025229815292358 9.199399974060057 -999.0
116773 14.04233149490356 13.00238982315063 -999.0
116778 10.87345981216431 9.5027601398468 9.950504931640625
116780 7.938329955291748 8.740130091094972 8.070835832595826
116788 8.013673003387451 8.675280142974856 8.27754969406128
116789 8.359444532012938 8.532830130004882 8.32153928833008
116791 11.57280229034423 12.03801991157532 10.9324372051239
116795 13.40941618843078 13.88714999999999 13.41720641403198
116807 12.40752820587158 12.27896991157531 10.9189548122406
116821 10.81631335525513 10.43046010284424 10.12856128997803
116824 11.84683441543579 11.99079996299743 11.10624335479736
116826 11.17823619270325 10.12021998558045 9.99956497535705
116832 11.12453977088928 10.33876991157531 -999.0
116834 10.43968551368713 -999.0 9.932273391723633
116835 8.690518144989014 7.613959954452516 8.207741024780276
116843 6.24722254562378 6.088200012969971 4.810459018707276
116847 9.318768008041381 8.799330142974853 8.16343289375305
116856 8.854257911300653 7.091550000000001 6.443049018096915
116858 10.30590816307068 9.659310176849363 -999.0
116859 9.421230567932128 8.407899974060058 -999.0
116868 9.098460367965696 8.881190032577514 8.411951086807253
116873 6.41213625411987 -999.0 5.337249034881593
116877 9.532175443267823 8.189089749145507 8.16042574386597
116880 -999.0 8.502059915542603 7.722220431900027
116881 7.811363298416139 7.170830117034914 6.133273222732547
116883 8.53567941932678 8.32873011703491 7.622847547912598
116891 8.900846851730346 8.522309915542603 -999.0
116892 11.1345175830841 10.70546010284423 10.39769841880798
116903 10.99017032775879 9.326360176849363 9.950921594238283
116907 6.227124671554568 6.370389823150628 -999.0
116908 9.205758667373654 -999.0 7.129951614379883
116910 7.503182920837403 7.424680142974852 7.576105669403076
116916 -999.0 11.30025007400512 9.574388094329834
116917 9.336546009826659 8.230290084457396 8.229821349334717
116918 8.527976914215088 8.056709954452511 -999.0
116920 8.485130311584474 7.182130091094971 -999.0
116925 10.71208514556885 10.68138982315063 10.42251173553467
116930 8.340748390197755 -999.0 7.352154552459717
116932 10.4901912826538 10.21651010284424 9.77749743919372
116941 10.98561792030334 -999.0 8.726497604370111
116944 13.21328210983276 12.35733982315063 12.5738410736084
116955 11.13531758041382 10.40363982315063 9.102982211303708
116961 9.799928892135625 8.647330142974853 8.863413798904418
116968 8.480102316665645 8.32853010406494 8.179680306243897
116972 8.586308753204342 8.55844022827148 8.728429487609862
116978 9.844069729614258 8.75353009109497 8.826426003265379
116981 7.379600452804567 8.23408982315063 -999.0
116990 6.855623568725589 7.788570279693598 -999.0
116996 9.047877797698971 9.476059808731083 8.827166994476311
116999 11.74829091796875 10.58389996299743 10.20950277938843
117001 6.936370290374752 -999.0 4.925006283569333
117002 13.57834700622558 13.43185 13.0021085483551
117003 10.36650853004455 9.363010102844235 9.061026881408695
117005 13.02596419944763 -999.0 12.85395502815246
117006 -999.0 9.438890032577515 9.974966988754275
117011 8.187802705383302 8.423480091094973 8.106873882293701
117013 9.410588921737673 8.495759941482543 8.05112977294922
117014 10.44917891540527 9.826019908905028 7.993643579483031
117016 8.744684670639039 9.554119895935056 8.825093219757083
117026 8.08785529670715 8.413280142974855 8.34357097129822
117028 11.17169483070373 11.82264019126892 11.03756811943054
117034 11.04229311408996 10.72200994148254 10.45539931335449
117036 7.210146013641356 8.000580091094971 7.319571790313723
117041 11.66178549385071 10.03593008842469 8.66206157341003
117047 6.853917591476433 6.554439860153193 -999.0
117051 -999.0 10.42708989715576 10.32694956130981
117055 8.358512024688723 7.399269948577874 6.536383555603029
117058 9.41446867675781 9.688259941482544 9.854564611434938
117069 11.05535994300842 -999.0 8.974169751739499
117073 10.34405819740295 9.550519948577879 -999.0
117074 10.73309771347046 10.88931017684937 11.57392173576355
117076 9.756561712646482 9.58025980873107 8.989812500762943
117077 7.1596894618988 6.484869985580445 -999.0
117080 10.99222808914184 11.06589022827148 9.616734059524536
117081 9.620833253479004 8.258609771728514 8.922346112060543
117090 10.14839226760865 10.19861986999512 9.454632874679568
117091 8.234422199249263 6.578329646301265 6.201268766784665
117098 11.64736190948486 10.38928005142212 -999.0
117108 4.979206795883179 6.164040045547486 4.802680067825317
117113 6.763994662857056 5.472569857025146 5.205774176788331
117114 10.05609138221741 9.07496994857788 8.641412567901604
117118 8.166770794296262 6.856349987030031 6.637096717834472
117123 12.62573704185486 11.6705 12.05358498687744
117125 -999.0 12.38645003700256 12.45191874771118
117129 8.562380795288085 7.348280130004882 6.508775653839111
117141 6.527980626678468 6.206260260009768 5.798106262207033
117150 9.142011800003058 9.300500012969973 7.928029574966429
117154 12.37399277420043 12.12531994857788 12.0611895614624
117158 9.3667888130188 7.792640071487427 7.457878062438967
117159 9.145546191024778 8.273280130004885 7.298478205490112
117175 14.41513644828796 14.02981010284424 13.71353005142212
117178 8.554637979125975 8.270599974060056 7.73818434829712
117181 10.84289613800049 9.802099925994872 -999.0
117185 8.719293902969362 7.504750000000002 7.910257863616945
117192 5.687675553894043 5.1097 -999.0
117197 -999.0 8.531090032577513 8.018637973785399
117200 11.20842840805054 10.7781297203064 9.691152140045164
117206 10.33958836746216 -999.0 9.191063845825198
117207 9.85883850479126 -999.0 8.965638336563112
117211 9.144350117111198 8.798300037002566 -999.0
117218 -999.0 8.689440071487429 8.193715820312502
117220 7.586725818634033 8.423929720306393 8.19036683120727
117221 11.09289849395752 10.37268001441955 10.66430590057373
117223 8.639755152893066 8.148669857025148 7.683803696060179
117224 -999.0 12.42701017684936 12.13743569946289
117231 6.469227491378784 5.265430104064941 -999.0
117237 8.906270920562747 8.003209954452515 7.743770432662965
117240 11.64606009025574 10.83588008842468 -999.0
117244 9.825988764572141 9.21353009109497 -999.0
117247 6.9453053276062 6.129310247039794 5.504617608642579
117254 8.181617537689206 8.654589823150632 -999.0
117259 8.972050134277344 8.297290045547483 7.349295872116087
117260 12.123306142807 12.05455980873108 11.0515724117279
117263 6.453778654098511 5.829850025939941 4.645758759307862
117264 8.521926721572873 7.730329646301264 6.465882775115965
117267 11.15367428512573 11.02131998558045 10.04117732124328
117273 7.877234991836549 7.970269882965088 7.119769073867795
117276 8.49915866203308 8.963950000000002 8.799845977020265
117280 8.927345862579347 -999.0 7.255936021804808
117283 8.10633932418823 9.345689860153195 -999.0
117290 11.33435297203064 8.57254022827148 8.951526637649534
117291 13.09982304954529 13.12675980873108 12.72516803741456
117295 10.43844852294921 10.36803001441955 9.223743135452267
117296 8.425983279037474 8.0476900844574 -999.0
117298 10.12320310516357 9.324090191268924 -999.0
117301 12.33109569129944 12.00753012542724 11.91390286750794
117302 9.129322595596314 8.176240045547488 8.178781980133058
117303 8.813268293380741 -999.0 7.919444134902954
117314 10.01121525268554 9.635819948577874 9.053584432601921
117315 8.67432623519897 9.703900025939943 9.986102874755858
117322 8.72013845977783 7.601280130004886 8.168207941436771
117325 -999.0 12.12874992599487 10.22557050247192
117332 11.3787094039917 -999.0 11.24017155380249
117339 7.500446403503418 6.274619543457026 -999.0
117343 9.233763674163818 9.126669908905033 9.300842351150514
117350 12.6931315788269 10.91081017684936 11.91379615440368
117355 8.286428210067749 7.969600012969974 7.338016397857667
117362 11.01336568717956 10.76340980873108 10.16508176803588
117368 8.698051089096063 8.434940228271486 -999.0
117374 9.581355809020991 8.29531954345703 7.460494911193841
117379 9.83982779006958 9.744390228271486 9.592321385574339
117382 -999.0 9.60254992599487 9.711316552734372
117385 13.1816326057434 12.44945003700256 -999.0
117389 10.38636951980591 9.45050003700256 9.078463518142696
117391 8.35921596832275 8.325090071487427 8.330496213912966
117396 5.996628722381594 5.309149987030031 5.511693684005737
117407 10.68394679069519 10.2356400844574 9.912427666473391
117408 11.59508773117065 10.09568005142211 9.492326232910157
117411 8.702997888183592 8.388399999999999 6.64733811035156
117413 7.09735093841553 5.590840045547488 -999.0
117418 8.702171560287473 8.569009967422485 8.196256197357178
117421 11.3527972530365 11.70892972030639 11.22709976882934
117428 10.45982504196167 10.16435980873108 9.68851084785461
117433 11.09507040977478 10.64261994857788 10.20011013221741
117434 -999.0 10.4268 10.26754003486633
117439 -999.0 10.83488989715576 10.182009765625
117446 11.62913544197082 10.64282972030639 9.962628609848023
117454 11.71775073890686 11.21285977172851 10.72489405822754
117465 7.458049160385132 -999.0 6.461345127868654
117469 11.36889326095581 10.02405980873108 9.195330372619631
117481 8.172508042526244 7.28183010406494 7.535637295532227
117483 11.39024446182251 10.8115 9.332857915496822
117485 7.603015988922118 7.157349974060061 7.273564512634279
117486 -999.0 10.05868982315063 9.673286381912229
117490 12.13201595916748 12.79693982315063 11.84288915672302
117495 8.347758894348143 7.714569869995117 7.207866512680055
117496 -999.0 8.145609967422487 6.989599494171143
117520 -999.0 9.352900074005124 9.898591121673581
117524 10.32480553703308 9.64183008842468 9.517931952667237
117528 11.13946216430664 -999.0 11.02374418182373
117530 7.167835068511963 6.359590045547487 5.396013412475585
117536 -999.0 10.02321990890503 8.52015934715271
117543 6.474231510543826 6.029380091094971 5.536022848510742
117555 7.923513485717771 7.697259915542603 6.57763198928833
117557 9.518885462951658 8.971180142974852 8.053186133193968
117562 8.431614477920531 7.493899999999998 -999.0
117563 -999.0 9.734900074005127 8.618432579040523
117568 12.03168478050232 10.93163012542724 10.9910511882782
117569 9.250607503128055 9.85165 9.404668809890751
117578 10.76352169418335 10.16411987457276 7.891499287033074
117579 12.47022979774475 11.81398989715576 -999.0
117583 -999.0 5.622669869995119 4.701532227325442
117584 6.513855889129637 7.038389791870116 7.18474957885742
117589 7.263306818389891 -999.0 6.839691224670411
117591 9.326009185409546 8.803130130004881 9.263796950531006
117601 11.32539528770446 -999.0 10.97677433357239
117603 11.85223135490417 12.2265797203064 11.37788360748291
117604 10.3424386089325 9.434150074005121 9.241725298690797
117606 8.871213570404056 7.024219869995118 7.659772230148318
117612 9.801028747177124 -999.0 9.42941517524719
117614 7.16652702102661 6.425799962997434 5.710372815322875
117617 6.2885245552063 5.008230091094973 -999.0
117620 9.829460161209107 9.660989897155757 8.828309620666506
117621 9.70197562789917 8.713140071487423 9.145637271118161
117628 13.4389774723053 12.75129992599487 11.82698891525268
117636 5.460675659179683 -999.0 12.14629275588989
117639 9.062200191497801 8.049559915542602 7.791417564392092
117647 8.407825226593019 8.184669882965089 7.880744738769533
117648 11.44456364021301 11.50971994857788 -999.0
117649 10.88841507148742 10.52363001441955 -999.0
117658 8.94041774597168 8.319569857025144 7.513704727554323
117662 10.10389720497131 9.482730014419555 9.569733329010006
117664 9.487698079299927 8.536500037002558 9.421703226470948
117675 8.969319676971434 7.703340084457399 7.161522230148315
117676 -999.0 9.849980088424685 9.761766675949094
117683 6.904199448394778 6.788089752960206 6.492534483337404
117685 12.24827411155701 11.6370297203064 -999.0
117699 9.110914389038088 7.589669948577881 6.866999392700196
117703 10.62252134361267 9.950389860153194 7.657663138198849
117706 8.670131972122189 -999.0 8.060757561492917
117711 9.325420447158816 8.562569857025146 7.860334459686283
117715 10.06291965560913 8.26701017684936 7.353412832641601
117718 11.26749985275269 10.88998005142212 11.20427163009643
117719 8.036366284561156 8.454740071487429 7.898803892517089
117723 8.612811968994137 7.663000074005128 6.638916603851317
117724 8.726391614151 8.650740058517453 7.209491621017457
117727 8.443725572586061 8.030890045547487 7.101771184921265
117733 8.505554935455319 8.492549974060058 8.014223114776613
117750 12.77128696975707 12.39684992599488 10.94035553703307
117757 -999.0 8.34040002593994 8.164481018829346
117762 6.613214461135865 5.491090032577516 4.450667519760133
117766 12.06024643363952 12.17310980873108 11.21858928260803
117767 8.643017146301268 7.629549974060056 7.58317482833862
117768 9.617688660049438 9.190019882965085 -999.0
117772 9.412177824783328 7.68266989593506 -999.0
117777 9.351198598861696 8.94103010406494 7.666696573638917
117780 11.975506275177 11.74206994857788 11.30903383445739
117782 7.131128086853027 6.794719908905029 5.244590861511232
117785 8.875132712936399 -999.0 8.261688522338865
117788 10.78611277198791 -999.0 9.650618464279171
117789 8.101185726165772 6.897839823150636 -999.0
117791 11.04947075576782 11.07368986015319 -999.0
117798 10.17708123283386 9.388280117034913 8.430000929260252
117807 10.21010079612732 8.77033001441955 -999.0
117831 11.26151116600037 10.8604601398468 11.0465317993164
117832 8.537252317810061 7.552999974060061 8.154034958648685
117834 11.96357991256714 11.20683982315063 10.98062631874084
117842 9.15637850418091 8.562510176849365 7.401443345642088
117846 8.520682078933717 8.334659915542602 6.443569910430909
117849 12.16827216262817 11.80708989715577 10.7323537109375
117850 8.112878885650636 6.998509967422487 5.993939703369141
117852 9.780972782897946 8.30493045654297 7.656318916320797
117856 -999.0 12.37839996299743 12.42337156181335
117860 -999.0 9.986060139846801 10.07421880340576
117863 8.733868829727175 7.056150074005125 -999.0
117865 12.91810802154541 12.4359898601532 11.56270099792481
117882 11.19839215736389 -999.0 9.744142254257197
117885 7.46147652931213 7.868150074005126 6.36922350387573
117900 9.045108878707884 8.400219895935061 8.199166314697267
117925 8.18239747047424 8.315559915542599 7.668095276260376
117931 6.11465453453064 5.466609941482545 5.539703349304199
117935 7.599473488616942 8.344409915542602 7.561586600875857
117939 8.727955742263791 8.25235 7.697792459106448
117946 6.551131400299071 6.304460208129882 4.968886305236817
117947 6.871878630828856 6.759509941482545 5.940901725006103
117955 9.608413522338866 8.14221017684936 7.607004647064205
117956 7.010795796585086 6.705469882965089 5.858092713928226
117957 11.31741734962463 10.79656010284423 10.76390244598388
117968 10.15781328163146 9.88989019126892 8.556271072387691
117969 10.6233925743103 10.21450980873108 9.977916659164427
117970 8.611076284027103 7.979880051422112 6.560376729965212
117974 -999.0 9.8139 8.436148061370847
117977 10.40383172836303 10.6972601398468 9.289002464294434
117979 -999.0 11.71237996425629 10.56398215427398
117981 13.19024587173462 11.2406101398468 11.11775579986572
117988 12.07540352897644 11.73589996299743 11.82675943031311
117991 7.715721268463136 8.11009959487915 6.574367817687989
117996 -999.0 8.179730125427238 7.890841831970217
118001 -999.0 12.55845007400512 13.30352019920349
118002 13.18788348197937 13.51850007400513 14.09839654960632
118009 10.75519302253723 9.969640228271478 9.769725670623776
118020 9.645072858810426 9.06646988296509 8.826201073837279
118033 10.87776029052734 10.6811702796936 10.30606784591675
118034 10.40310790443421 10.3970099155426 8.610247716903684
118040 10.44676025543213 9.459480051422114 8.596254761505124
118046 8.851748528671266 7.332210208129885 8.024449743652344
118049 9.299695016479491 -999.0 9.179739748764037
118052 9.965832357406615 9.426230091094968 8.81438938789368
118054 7.617343717193602 6.048389749145505 5.217285743713379
118058 10.67964764823913 10.95249996299743 9.468025115585327
118064 9.408157019805909 9.562410176849363 -999.0
118065 4.209255656433109 4.737440045547485 -999.0
118074 11.55010416870117 10.65318008842468 10.5845873752594
118080 9.37966604385376 -999.0 8.01003000679016
118090 -999.0 8.22581990890503 8.395188011932373
118091 7.734235056304929 7.59986954345703 6.224696443176265
118094 11.7976155910492 11.05094992599487 10.86503426742553
118098 9.669315618133545 8.969919948577878 8.130994859695434
118099 11.52035981025696 11.66698989715576 10.54241829986572
118103 9.651454133987425 8.130680142974853 8.584582357025145
118117 9.235971142578123 8.217819543457027 6.566676430511473
118122 -999.0 8.476160260009767 8.011086707305907
118123 9.229903730010985 -999.0 7.860117114257813
118129 12.22405514183044 -999.0 11.58748887786865
118136 10.09683808937073 9.602719869995116 9.535172517395019
118145 8.538116613388059 9.090210102844235 9.134521559906005
118148 7.312686186981198 6.683670279693597 6.465994654083248
118160 10.2234452747345 10.34521017684936 -999.0
118165 9.998036433029172 9.731430130004881 8.740017301177978
118175 8.832133129882813 7.957549974060059 8.0727407497406
118179 7.869702892303462 10.03106998558044 -999.0
118180 8.963189651870728 8.20383011703491 7.97065383644104
118182 11.48626604499817 10.66901991157532 9.822964195632933
118194 8.905636626052855 7.815980117034911 7.339882597351075
118198 11.0282077671051 -999.0 9.66785768585205
118200 11.52058299560547 11.00168008842468 10.23523888587952
118210 10.44212933883667 10.5225 9.199764426422119
118214 9.40181358566284 9.17011989593506 -999.0
118231 12.04768083000183 11.40071017684936 10.96247100334167
118235 5.177464282989504 -999.0 4.681935056304932
118243 12.57019283027648 12.0435398601532 11.2912597366333
118245 6.181484930419921 6.268030142974856 6.106180494689943
118249 7.169003834915163 7.06731988296509 7.016449541473389
118254 7.281798680877682 8.530000000000001 -999.0
118260 9.55928200378418 8.911209915542603 8.899651760101317
118269 -999.0 7.944580130004881 7.237909671783446
118271 10.65927081298828 10.04184996299743 10.87611058921814
118272 8.576471864700316 7.523180117034909 8.039049650573729
118281 8.882451731109615 8.381250074005129 8.479120858383173
118282 13.2189095500946 -999.0 10.86455218086242
118287 9.30635166969299 8.736059941482544 -999.0
118290 -999.0 7.398240084457399 6.091400092315674
118291 8.587919099426268 8.52445 6.527171789169309
118292 8.264688330459595 -999.0 7.651423695373535
118293 8.058722174835204 7.969010260009764 5.878299543762203
118299 8.375050556945792 7.788910176849367 5.476499040985102
118310 6.185448991394041 6.512010221099853 6.394672220611572
118319 9.116815775680543 9.506969895935057 8.351541504669187
118335 6.989326361083983 7.380659928512574 6.316096319580079
118341 9.487831760787966 9.017219874572751 7.226961830902102
118344 9.774505315017699 8.231069857025144 8.417826624298094
118345 8.070525526428222 7.933190045547488 7.462064419174195
118348 6.477408460998531 5.858800000000002 -999.0
118349 8.666445892715455 7.63090002593994 6.553601686096193
118360 7.474922472381591 7.763419908905028 8.482529647064208
118371 11.70910412864685 10.3528202796936 9.271463848876948
118375 7.665996745681764 7.631830142974855 6.806935886001587
118385 11.8064065700531 -999.0 10.1140831111908
118386 8.676899284744263 8.546340032577515 -999.0
118388 7.341311227035523 6.782249974060059 6.727123320388796
118393 7.183447307586671 7.191419869995117 6.409422924804686
118400 7.435130807876588 7.243840045547487 6.572533712387084
118417 11.78550822029114 11.31628989715576 11.16647708282471
118419 10.35479598846436 8.632030117034912 9.615869108200073
118425 11.58863447532653 10.80888001441955 9.949703342056273
118430 12.30396450080871 11.71919992599488 10.85567485809326
118435 9.855462867736815 9.967680014419555 9.37267715835571
118439 9.181535297393795 9.441100405120848 9.29683313102722
118447 11.01071527481079 10.03175003700257 -999.0
118452 8.252764211654664 7.702450074005123 -999.0
118454 9.509065262603759 9.330390032577515 8.820007068634034
118457 7.374544436645504 6.579569948577879 -999.0
118458 7.922732540130615 6.65318009109497 6.942389234924314
118460 10.69524218215942 10.57901017684936 9.491134948348998
118461 10.27541014480591 9.561089823150633 8.622197492599486
118462 7.455124961853026 6.417590084457398 5.353344823074341
118464 12.35578060150146 10.53725977172851 -999.0
118466 9.055745893096926 -999.0 8.370154340744016
118471 12.08663369865417 -999.0 10.74807260398864
118473 11.67114549217224 10.86704996299744 -999.0
118477 11.53575552520751 10.8723101398468 -999.0
118492 7.921304352188112 7.236090058517457 6.726752959060671
118493 10.33713807182312 9.059020353698727 -999.0
118512 10.2359697719574 10.30140007400512 9.256816124725342
118514 -999.0 11.29781994857788 10.01160686149597
118517 8.532291397094724 8.257730142974854 7.515496489715576
118520 10.41614300575256 9.791760176849364 -999.0
118527 9.914227878952023 9.54373982315063 8.4942976146698
118532 12.35490054588318 11.63443008842468 -999.0
118538 -999.0 4.288380117034914 1.667314681243898
118540 9.00829093818665 8.59413009109497 8.20343017311096
118545 10.33249751396179 8.791160176849367 8.011841067504886
118559 12.36382224006652 11.92048982315063 11.05083725814819
118560 11.33197470779419 10.68205007400512 -999.0
118561 9.124264053726197 8.906380130004884 8.248994454956057
118563 10.18401074295044 10.31616985702514 10.32572781219482
118578 9.56093191223144 7.604230014419554 -999.0
118580 9.875703901290892 9.532740191268918 -999.0
118581 10.93539780578613 10.1042398601532 9.649189426803584
118594 7.509361570358278 6.809080104064944 6.12861199874878
118595 10.96307680397033 12.03786998558044 11.82135305824279
118596 -999.0 9.129919911575312 7.15390669364929
118607 12.43895003280639 11.58389019126892 -999.0
118609 12.33385836257934 11.02821994857788 11.18345606803894
118613 10.12220519409179 9.100530051422112 -999.0
118619 9.379677903747558 8.191240228271486 9.566217247009275
118620 8.673468042755125 8.261340032577515 8.260005323028567
118629 8.842584816741944 8.531280130004884 8.047389589691164
118640 9.45168273048401 9.410580104064945 8.058258369445802
118643 12.71346675186157 12.25941994857788 12.67155897216797
118648 -999.0 7.252539752960208 8.137197668838501
118652 10.63738706665039 -999.0 8.80516446151733
118655 9.340401184082026 5.187649851989747 6.506790546417234
118661 7.476020282363891 6.821580104064942 5.43156767921448
118662 10.16394933357239 9.56396010284423 -999.0
118663 9.798265463638307 8.759650074005126 -999.0
118665 10.82200596466064 10.65749992599487 -999.0
118667 10.42557543411255 9.721369882965089 9.598755502319339
118674 7.189898335647581 -999.0 5.921780699539187
118680 8.502218644714354 7.908690032577512 8.020192848205568
118697 7.779678643417357 5.270590045547488 4.464619289016724
118699 9.376823876190182 8.90810040512085 -999.0
118710 7.490117673110962 7.057190084457397 6.124515244293216
118718 10.04328719749451 9.626100012969971 9.122662001800538
118722 5.51939683380127 5.341669869995118 4.849759156799318
118723 12.24461254577636 11.69198008842468 10.80274510154724
118724 9.370296094131472 8.342980104064939 7.83354606666565
118734 10.2870821598053 9.748119882965089 9.486487320327761
118740 9.88452567405701 9.579130142974858 8.83659969596863
118743 10.69054664344788 9.531599925994872 -999.0
118746 7.396342962265017 7.466949925994866 -999.0
118748 9.118735694885252 8.947 8.267420309066772
118756 -999.0 7.845769857025147 9.518161051559446
118757 10.06319147720337 10.20989998703003 -999.0
118765 11.613654454422 -999.0 11.23284510154724
118771 5.674750552368164 4.810259967422486 -999.0
118782 7.571514205932616 7.557850025939941 5.572816262054444
118785 10.44067726631164 9.664290032577515 -999.0
118789 7.987486907958981 6.232199999999995 3.731207003784178
118792 -999.0 9.582130091094971 8.804647180557254
118796 7.630143746948243 6.847059954452516 6.743477044296266
118797 9.530127652740479 9.645369857025148 9.173057205963136
118799 8.140331234741211 7.479480117034914 7.99464189491272
118804 13.08258962783814 13.31883989715576 13.01299247016907
118805 8.019280340576174 6.541100012969971 -999.0
118807 9.868973491287232 -999.0 9.308500471496583
118809 11.08465083961487 8.952290228271483 -999.0
118822 12.56387173156738 10.46681998558045 10.31736009902954
118823 7.244012985992433 6.290440058517456 5.00784793701172
118826 8.71182487640381 8.563159954452512 7.978867753982544
118829 -999.0 7.410049974060058 8.356443117523192
118838 10.40469166069031 9.909589897155755 -999.0
118840 6.959076752471925 6.522880130004885 5.845749114227295
118841 5.383745474243167 4.78603981781006 -999.0
118848 9.164989884567262 8.882690084457398 8.569871120452882
118851 10.04937962455749 8.232870279693604 6.585511247253416
118857 8.812697406768796 7.634280456542967 7.740859187316895
118861 9.677228876876832 10.19295995445252 9.761682674026492
118868 6.75607216911316 6.94866990890503 6.042560601425171
118877 10.28418808403015 9.31388989715576 8.453533356857296
118879 11.59532235832214 11.19305980873108 10.81385255851745
118880 8.735112545013425 -999.0 7.530432542800904
118889 12.87433789405822 -999.0 10.38551196136474
118895 8.022644385910036 7.874290058517457 7.881532123184204
118897 12.07635787086486 11.72269019126892 11.02428962020874
118898 9.08932451171875 8.594230104064941 7.750982731628419
118901 10.32517472114563 -999.0 9.409624427032474
118902 7.72212032394409 -999.0 5.836921012878418
118907 9.042657804107664 8.934209808731078 8.180410303497315
118910 8.354445166015626 8.113269882965087 -999.0
118914 -999.0 9.496860102844238 9.193817620468137
118917 11.02544946098328 10.8392398601532 9.759674525833129
118918 10.48320176048279 9.71513011703491 9.993167950820922
118920 8.793636235046383 8.12957035369873 8.913378200149534
118922 8.444754057312013 7.517759928512574 7.633041471862795
118928 9.182237128829957 8.38136990890503 7.250683943939212
118936 9.35586365737915 9.129169857025147 8.419282244491576
118944 10.24539528694153 8.210889823150636 9.050686337661743
118945 7.807104285049437 6.819190228271484 6.374466027450561
118948 6.181528445434568 6.307950025939941 5.707659166717531
118951 8.881216206741332 8.492169869995116 -999.0
118952 14.64431035881042 13.18258989715576 13.78773989372253
118958 9.408749266815184 8.24455980873108 7.432866628265375
118959 -999.0 8.67288009109497 8.516353252410887
118961 10.2071311630249 9.509330125427244 7.857897424697875
118963 7.50983787536621 8.00605 7.841805807495116
118964 7.803576319122314 6.941089765930174 6.898698793029783
118975 11.92914904937744 10.94948008842468 10.30453289985656
118979 -999.0 7.936289791870116 8.77768236999512
118981 11.90191845779419 11.66495007400512 10.71504459571839
118984 10.54441749153137 10.41476017684936 -999.0
118994 11.80439771080017 11.53666998558044 11.65520818977356
118995 5.168836765289304 4.000739752960204 -999.0
118997 8.155009054565426 7.201329720306394 6.444035031127928
118998 10.64904815406799 10.27719996299743 9.70526070327759
119009 8.6746100151062 8.296589765930179 7.817306734466554
119012 8.907820204544066 8.436959915542602 8.014823543167115
119013 10.11475461578369 8.96374030227661 8.339894314575194
119035 8.903058991241457 8.00421990890503 8.319228647613528
119036 8.3722086101532 7.770640045547487 7.666046595382691
119042 10.97449006233215 10.25008005142212 10.11054310340881
119044 9.00489323005676 8.406680142974851 7.771135041427613
119049 3.158485321807862 3.792769857025148 -999.0
119053 -999.0 9.468669882965088 9.467166999435427
119060 10.64977792549134 10.28318012542724 -999.0
119065 -999.0 10.76329996299744 10.0860031917572
119069 9.51264852905274 8.619309928512571 8.235085919952393
119075 8.713147655868529 8.152830117034913 8.156854956436156
119079 9.86817100639343 9.395030125427239 9.324329932022094
119080 4.705422909545899 -999.0 5.018347105789185
119082 6.649198823547359 5.619649925994871 8.397234069824213
119084 13.86365543327331 11.79501987457276 13.79584719314575
119095 6.668190384292602 -999.0 4.88875165939331
119097 12.21773452148438 12.40819996299743 11.6727610042572
119098 9.421777122116087 9.399840191268918 -999.0
119103 9.507882360076897 8.087130014419557 6.08737513275146
119104 8.113958821868895 7.56253977890015 6.212742361450196
119113 8.067209109497071 6.942519543457029 7.714060144042969
119114 -999.0 9.89173001441955 10.78142469139099
119115 10.06858928604126 10.29848012542724 9.236758485794068
119119 11.36302162780762 10.48685977172851 9.826339526367182
119125 9.287124808883668 8.529080456542967 8.048042633819575
119137 8.899520254898063 7.896360139846804 6.405119357681269
119138 11.26357635154724 11.32556994857788 11.57134640159607
119149 8.85745189628601 8.471759954452514 7.099649810409546
119159 11.28510870399475 10.95006994857788 10.16006433792114
119162 12.98206376800537 12.43620003700256 12.29524647445678
119167 10.00525255508422 8.58482972030639 8.228157537078856
119178 9.998829471588133 8.51821998558044 8.848798895263672
119179 12.93636748390198 12.26691017684936 11.5752287246704
119182 12.43482071495056 10.74644992599487 11.45839727134704
119183 11.12578480072021 -999.0 10.60978223762512
119191 7.864054792022706 7.442230130004882 6.3954576713562
119197 -999.0 9.166290032577514 8.615539310836795
119203 10.94969500045776 10.51731994857788 10.34253572731018
119204 9.33428477973938 8.771719895935057 8.357105492782594
119208 9.901543167877197 9.48530002593994 8.289232133865356
119218 9.076245845031739 8.401040045547484 -999.0
119220 12.54497272453308 12.0639601398468 11.75506447029113
119225 8.99638600082397 7.155529720306391 -999.0
119231 8.386275275802616 8.073419869995119 7.811858411407473
119233 10.45056666450501 10.4226400844574 9.44513037147522
119238 8.815281682586672 7.805219985580443 -999.0
119239 4.737947532653808 3.592080117034911 -999.0
119242 8.253829945755008 7.590469869995114 -999.0
119247 10.44306720733643 -999.0 9.519548811721801
119250 7.290322278594969 5.936399987030027 -999.0
119253 9.441261113357541 8.88874022827148 8.067329391479491
119263 8.754604890060424 8.787400000000002 7.572690486526487
119265 14.24252911758423 13.71328982315063 13.37363249664306
119266 10.13997311935425 9.764240191268916 8.444390429306033
119267 7.59666103401184 6.099489860153195 -999.0
119271 12.1911938911438 11.56509999999999 -999.0
119275 11.85557094841003 -999.0 12.1151443031311
119276 13.86488179664612 -999.0 12.80801414756774
119280 8.587440175628664 7.876839897155754 -999.0
119289 12.56269015464783 11.66204019126892 10.89637446517945
119296 6.680060053253172 -999.0 8.53898613815308
119302 9.315131100845342 9.082880104064941 8.11378032798767
119304 6.753211058044435 6.094440071487428 4.654031415557864
119308 11.66072066726684 11.01531010284424 10.78760227012634
119312 8.021233278656009 7.145500012969972 -999.0
119315 9.527070849609373 9.647719882965088 8.37993455734253
119319 11.16115996665955 10.90734019126892 10.77440186958314
119322 7.097138564300535 5.445080051422117 -999.0
119325 12.77723876724243 11.96838001441955 9.806379196548464
119330 10.46956190223694 10.36811998558044 9.154102761077882
119335 -999.0 10.61749004554749 9.762391223907471
119336 7.887683873748776 7.149410260009764 -999.0
119351 12.48681069717408 12.15493012542725 11.75499575462341
119357 12.94694532852173 12.50671010284424 -999.0
119358 10.39540550575256 -999.0 9.724158657836913
119359 8.218551602172852 7.832080130004881 7.516596412658694
119361 7.791314817428589 6.877480142974855 -999.0
119363 7.738805537414549 7.884089860153198 6.151112265014646
119365 9.067902267837523 9.478309967422486 8.552008751296999
119372 10.23077126235962 10.05496988296509 9.832133459472658
119377 10.8809368598938 11.4090702796936 10.67176613159179
119378 9.254589323425295 9.203869543457031 8.304189791870115
119379 9.868516934585571 9.195449987030027 9.353006025314329
119385 12.59802028503418 11.24868982315063 11.00771736602783
119409 11.10147268981933 10.90008001441955 9.796562165832517
119411 11.43772850875854 10.34601998558044 -999.0
119413 9.540409115982053 9.727569874572755 -999.0
119415 8.455069482421877 7.997340084457398 7.497162252044679
119418 10.7146118812561 10.60244019126892 -999.0
119425 11.99110828552246 11.04721991157531 10.11357934837341
119426 12.63219940490723 -999.0 13.02221809616089
119427 5.324843940734861 6.202539749145501 4.931565380096433
119436 10.17235039863586 9.738869857025145 8.47981271209717
119438 8.928634295272825 8.033419869995118 8.345108687973024
119441 11.74523618431092 9.397589823150632 10.14916704597473
119446 9.185538025665284 8.345680125427243 6.945285810852052
119451 8.667244657135 7.97111991157532 7.134767827224726
119453 8.83030295677185 9.316669857025143 8.664185287857055
119456 10.05519927215576 10.82659996299744 9.126838621902463
119473 8.461963103866577 8.238199974060059 8.524677329254152
119475 8.80941563796997 8.00145002593994 7.851487213897706
119477 11.89179587554931 11.1424297203064 10.90229725494385
119479 11.44333500404358 9.800529720306393 -999.0
119480 8.504818389892577 7.893950012969969 8.820976134872435
119489 9.746650210571286 9.946950037002557 -999.0
119490 10.40713043060302 8.938229720306394 -999.0
119494 8.664205555343628 8.257369857025147 7.666918120956422
119495 9.20650964202881 8.98294007148743 8.55146066055298
119499 11.69509985771179 10.10690980873108 11.17243893585205
119505 9.416349351501465 -999.0 8.60921820526123
119506 8.837296684646606 9.083880130004882 -999.0
119508 8.86667026634216 -999.0 7.270029006195064
119513 9.48945575866699 7.640510250854492 -999.0
119514 12.07823541221619 10.33770003700256 11.05061520576477
119515 -999.0 7.795239765930178 7.595473496246341
119521 7.235659583663941 6.708319857025147 6.044724307632447
119523 12.58316865959167 11.98455007400512 11.03337626228332
119525 9.624527280807493 9.064370279693598 -999.0
119532 11.58721517906189 10.53715007400512 10.04935240974426
119533 12.84691021957397 12.17251998558044 12.26372296638489
119534 9.039132582855224 8.452489749145506 -999.0
119538 7.14341022453308 8.106590071487425 6.804710838699337
119545 10.38547075119019 8.99413008842468 -999.0
119556 11.5786433013916 11.12320003700256 11.22768518943787
119558 9.559521869277955 9.422709954452515 8.563903833389281
119559 14.07528049201965 13.36921017684936 11.98148069267273
119562 10.72023103561401 11.03634019126892 10.76974603271484
119565 -999.0 5.714650000000001 3.941698368835444
119567 9.050035550308227 7.890780130004885 6.988467546081543
119572 8.583786210250855 7.955440084457397 6.941202953720092
119575 8.961422947311403 7.313370279693597 -999.0
119579 8.23456098823547 8.34029992599487 -999.0
119601 11.10681761550903 10.91056994857788 10.26238268928528
119606 9.961906539916992 9.374319948577881 -999.0
119611 7.730930030441288 7.917130104064944 7.659838440704347
119618 8.846868968582152 8.612519857025145 8.4219135597229
119624 9.466978550338743 9.266940045547484 9.053681969833372
119628 9.226056118774412 7.837580088424682 -999.0
119631 11.24456777648926 10.32037972030639 9.824323820114135
119634 10.42147468070984 8.412880051422116 9.085609217453
119640 8.81992484703064 8.23010994148255 7.937677602005005
119641 -999.0 11.03877972030639 9.718370278930658
119643 10.58459990310669 11.66136987457275 11.46239035263062
119647 9.502869974136347 9.144889897155757 8.930785786437985
119650 8.256009956741334 7.038700000000002 5.731700303268434
119662 7.75513123588562 7.136890084457398 6.564737293624877
119673 10.66945150070191 9.922380051422113 9.32086622962951
119678 8.980559663009643 7.923919895935058 -999.0
119681 10.21684947013855 10.27873989715576 9.49953202819824
119682 8.909743690872192 8.791189823150633 7.50863561477661
119686 11.02737960624694 10.35763008842469 -999.0
119695 7.940984307479859 7.475969857025148 6.150633879089353
119701 9.559722653198243 9.890790071487427 9.214041659545899
119708 12.77564821662903 11.09779004421234 -999.0
119710 10.48542140274048 10.22275977172851 -999.0
119711 -999.0 10.93500977172851 9.061785429763797
119718 10.59344878387451 10.53526988296509 10.01781564674377
119731 9.935607168960573 9.610659954452515 8.850733739089968
119732 -999.0 6.846630104064942 5.88645230293274
119734 11.92813011169433 11.67228989715576 -999.0
119737 11.77332055091857 -999.0 10.42378135223388
119741 8.661503776550294 7.926919869995116 8.07110399398804
119742 6.042890956497192 6.155469857025147 5.978533346939087
119744 10.82469062271118 9.765399925994872 -999.0
119745 8.192328495025635 -999.0 6.984538008117672
119746 -999.0 6.582899594879146 11.27861896095276
119747 10.54557329711914 -999.0 9.226084593582152
119757 8.569422052001954 8.543790058517454 7.786855310058595
119758 7.488027263259888 6.810400012969973 6.343360372924806
119765 10.56805302429199 9.31484992599487 -999.0
119768 -999.0 9.555370279693602 8.972608342742916
119774 7.822030583953859 7.86433009109497 6.988594516754148
119777 12.55304562568664 11.40002972030639 11.67346475524902
119780 9.229751885223386 -999.0 5.615236369323728
119785 9.393302856063839 8.266049925994869 8.143332154464721
119789 -999.0 10.2755202796936 11.55147909469604
119790 10.85473809280395 10.15949992599487 9.681291125488281
119793 9.167860940170293 8.807130117034912 -999.0
119796 9.683903166580198 9.098069985580446 8.854645215225217
119797 8.76488239631653 7.893309941482545 7.575949214935303
119801 9.667150442886351 9.690759915542605 9.590443128967285
119807 9.640848942565912 9.448340191268919 8.719673323440547
119811 6.310618144607544 7.232940084457399 -999.0
119813 9.30803328323364 9.3220202796936 8.66636904945373
119814 6.769221231842041 6.493619882965088 5.125417412185669
119816 8.956509768295287 8.89596990890503 8.020064075469971
119818 10.87968896408081 10.69035001296997 -999.0
119819 11.48342584075928 11.14533001441955 10.21251888236999
119820 9.775802923583981 9.309409954452516 9.035938137817386
119822 8.567116762542723 8.296460221099853 7.974262413024902
119829 -999.0 7.608319895935058 8.554856372070311
119833 9.582842496871944 9.740470279693602 9.708612368774414
119838 8.316357306289675 7.612030091094972 7.970185006332399
119844 7.350981870269774 6.765430142974854 -999.0
119845 6.85700220680237 6.746740058517457 5.995138404464721
119846 -999.0 8.246809967422486 8.24769969367981
119848 9.808813509368894 8.307089897155764 -999.0
119856 8.920940327072145 7.289109941482545 -999.0
119867 11.85022035064697 10.59106998558044 10.32184606857299
119869 8.637605474853515 8.141900012969973 7.633174533462525
119871 12.80092403831482 11.67179019126892 11.41298046875
119872 9.341516931152345 8.561880142974855 -999.0
119876 10.44153585739136 9.61379005851746 9.975429062652587
119881 7.530190245819092 8.595709967422486 7.025598381805421
119884 9.404771273422238 8.367180051422118 -999.0
119888 10.86120821685791 10.17664022827148 8.521237218093873
119893 6.417928882980345 6.061550000000001 4.326700357055664
119899 12.07895549163818 11.15553005142212 10.50055836143493
119901 8.789016123580936 7.421190045547486 6.680057078170777
119903 7.759620676422119 7.850200025939939 6.721641414642334
119905 -999.0 7.440710208129882 6.189179915618898
119909 -999.0 6.692640228271479 6.51093357009888
119910 6.056996188735961 5.735599925994872 -999.0
119916 12.18323731384277 12.35481987457275 10.69242098617554
119917 11.13928398284912 11.27371010284424 9.654343863296505
119919 9.20226766242981 9.327009954452516 -999.0
119921 8.65566764106751 8.150239778900147 7.899445332336423
119922 7.696447361373899 6.802669857025146 6.551705111312866
119926 10.60428648071289 9.82309992599487 -999.0
119929 8.893500202178956 8.786880117034912 -999.0
119930 9.741791469573974 8.976989749145504 8.043299655914304
119942 7.368149307250981 6.934130104064943 -999.0
119945 8.693912031173706 8.491409941482546 7.630592381286623
119956 7.936321196746825 8.104180130004885 7.195049494171143
119959 8.521014152908325 -999.0 7.925263566589357
119962 11.57572111244201 -999.0 11.18976968688965
119977 12.07028664131165 10.88981987457275 10.76149338150024
119982 10.67633001976013 10.09492972030639 -999.0
119984 10.68595384864807 9.131440191268918 9.50638764533996
119997 11.95813552398682 11.20824022827148 10.35750347709656
120003 8.55193027420044 8.710609941482545 7.461462623977662
120006 10.77040507354736 -999.0 10.20385918960571
120013 9.610433683776854 9.330750074005126 9.540578115463257
120020 10.07513140983582 9.178329720306388 8.779220514297487
120021 9.383812841033937 8.019080117034914 7.018143448257449
120022 11.52772696151733 10.05376987457275 8.813960232543941
120033 7.70031559104919 6.206680051422117 5.139503634643553
120051 13.1857075126648 13.15296998558044 12.35298296546936
120057 -999.0 12.54868982315063 10.8831890171051
120058 8.493652942276002 7.368889739990238 5.41358655319214
120059 8.987136896514892 9.038109697723389 -999.0
120060 12.31263442573547 10.65922972030639 10.10608648567199
120064 13.99819610748291 13.3443398601532 13.27676230621337
120070 8.484505580520633 8.262500025939943 -999.0
120073 10.61292783546448 9.408879720306395 9.592092517089846
120075 9.187745697784422 8.788530142974853 8.388693906402587
120079 9.860710804367063 10.3192400844574 9.276202547836306
120084 12.03659008407593 11.67993008842468 10.37709301490784
120105 10.77158838882446 10.19446998558044 11.00618081245423
120107 7.403046675109866 7.894360234069825 7.398429582977292
120119 11.76021863250732 11.18893008842468 -999.0
120122 8.76570632095337 7.935790058517456 7.288757987976075
120132 8.786931349182124 8.274620279693604 7.628393273925779
120142 11.3818916481018 10.87225977172852 10.1549089477539
120144 8.396156054687498 8.171139823150638 7.952314670181273
120146 8.319554350662234 6.240969874572748 7.059467842483516
120150 8.975420555877687 6.649860247039793 -999.0
120154 8.19541241149902 -999.0 7.264049575042724
120163 7.114069546508789 -999.0 7.91698061027527
120164 8.62422088546753 8.916290032577514 8.405599927139281
120165 9.262411386871335 9.012690084457397 8.994399930953978
120166 11.35173399658203 9.5735702796936 10.74600580062866
120168 11.40539498214721 10.9465398601532 10.93987657012939
120169 10.64509379501343 10.35951987457275 10.14238697013855
120172 10.52111791992187 10.12061991157532 9.910088130569456
120176 12.11416445388794 12.19618008842468 11.73500383872985
120178 -999.0 11.4381202796936 10.97565617065429
120180 11.59765275268555 10.92833989715576 9.43194212760925
120185 10.06312268753051 9.348169948577882 8.42747335624694
120199 -999.0 12.14189019126892 11.95012457847595
120201 5.929296977233887 4.789490058517456 -999.0
120202 8.351869576263427 8.38425002593994 7.976978899765013
120206 12.37545376014709 11.97261991157532 10.65879551773071
120207 12.73218720474243 12.28396017684936 12.12911365013123
120211 8.766047055053706 8.326119874572752 7.198566886901853
120227 10.71471561393737 9.446810176849361 8.633248411941523
120237 7.626110557937623 7.665880091094972 6.801559441757203
120243 7.404492070007322 7.55898009109497 7.948680363464354
120244 8.367278319549563 -999.0 7.595822355270387
120245 8.2111635017395 8.662619895935062 8.812979581069946
120250 10.37016983985901 9.915830104064945 9.468965637969973
120258 9.493037370300291 9.82658989715576 9.283922792816162
120264 9.264904537582396 7.8554400844574 7.6492426235199
120267 9.354866236877443 7.085950405120849 7.721533463287351
120268 9.025588671874997 8.52606987457275 8.462539345550534
120276 9.768671395874021 9.112639860153195 8.37659744186401
120281 12.8758249217987 12.87326987457275 11.61135400085449
120288 12.84310054969787 12.58706991157532 11.5573155467987
120294 10.39738847045898 9.499969857025146 9.158718870162964
120296 10.556636561203 -999.0 9.56750001182556
120299 8.810305173492434 8.07633009109497 7.739721097183227
120307 6.390378041839602 6.175450000000001 4.964158214187622
120309 8.255163268661502 7.332250000000002 7.147291382598878
120313 9.402983420181277 9.794450074005123 8.177524072265623
120323 6.005812556838991 4.878509915542601 3.626303580474853
120324 9.656073054122926 9.29519996299743 -999.0
120328 10.15140059814453 10.57672972030639 -999.0
120330 7.999194708633423 7.590640071487425 -999.0
120337 -999.0 9.286590191268917 8.646244030761718
120339 11.61921994247436 10.4028398601532 8.89469966278076
120340 9.430151457214354 8.97684996299743 8.111400129699705
120342 9.911648019027707 9.567189860153198 8.764072925949092
120354 10.25503236961364 9.694869911575315 9.339416780471803
120355 -999.0 11.01011994857788 10.95235110054016
120357 6.54144117050171 5.355090032577516 -999.0
120362 12.10393197097778 11.3474601398468 11.98741989135742
120363 8.845787936019896 8.374690228271481 -999.0
120364 9.486211424255371 9.081540084457396 8.931947862243652
120366 9.980063933563233 9.227259915542607 9.291042342376713
120370 9.871588961410524 9.327720279693601 8.219357209014886
120372 10.81678531074524 9.567380051422118 -999.0
120374 11.93265855941773 11.43533001441955 -999.0
120375 9.81686941833496 8.919519869995117 8.198705728149415
120378 10.14035360603332 9.663140045547488 8.879378237915036
120379 7.672916002273561 5.837439752960209 5.237993423461915
120380 10.21283023681641 10.06289997406006 10.26639588851929
120389 8.232090541458126 7.561590228271482 -999.0
120392 10.80960596504211 10.4185099155426 9.808895044708255
120394 9.314840705871578 7.404820353698728 7.174426744842526
120400 8.122023342514035 8.008950074005124 6.265226437759399
120406 6.936948082733156 6.634640032577518 -999.0
120407 10.59876321601867 9.552520279693603 9.55835757217407
120408 9.463544837188717 -999.0 6.624184151458733
120410 7.950553903198241 8.170230142974852 7.812419443893433
120421 7.63770687065124 6.125899925994876 5.540491163253778
120422 7.144590577697748 4.982859771728513 5.485713623046871
120427 -999.0 8.191569908905027 7.316754988479615
120431 9.091227791213988 8.204940071487428 8.210156474685668
120435 4.625948078918457 6.247719895935059 5.256227653884889
120439 12.3563297164917 11.62173005142212 10.56225650215149
120447 11.76367678833008 11.31837972030639 9.352389524459838
120448 9.25099140510559 7.825159915542599 8.497400242233274
120458 7.585787844467164 6.751550000000001 7.1254835269928
120467 11.14499529342651 10.56478008842468 9.430158410263054
120470 8.902055417633058 7.90028989715576 -999.0
120472 10.08783185043335 10.02518009109497 9.81541519546509
120475 8.952631503295898 8.975030091094968 8.231990361022952
120478 8.696296034240724 8.833790032577514 8.507843247222901
120491 7.291688543701174 7.022869869995118 5.23434510536194
120493 7.793935421752928 8.138149974060063 7.442588568878175
120494 12.43661699752808 -999.0 11.48210599365234
120498 10.90597088470458 10.20828982315063 8.948587231826778
120501 12.4260011390686 12.83756010284423 11.89287156486511
120504 8.062024780273438 7.178130091094972 5.795733521270753
120510 13.44739722862244 13.2386297203064 12.70686976585388
120511 8.447880267715453 7.981249999999996 7.463500932693481
120514 10.16707734222412 10.06949005851746 -999.0
120521 10.32580563163757 10.13460977172851 -999.0
120523 11.82316493682862 12.10181010284423 10.57039181632996
120526 -999.0 11.69318001441955 12.6607289604187
120534 9.40232160568237 9.246730091094967 8.607965264511108
120539 11.07147600669861 10.10884996299743 10.46984836616516
120542 9.069206807708737 8.268199594879146 8.852466703796383
120551 9.853684785842889 9.308660176849365 8.392697301864617
120568 -999.0 10.19684997406006 10.21701523284912
120570 11.58513891639709 11.07840007400512 10.21654204406738
120575 -999.0 6.6048297203064 7.319610798263543
120578 10.80413420829773 9.191080088424686 8.715963077163693
120587 12.86245164299011 12.11838005142212 12.39551078453064
120590 9.976363506698608 9.674730130004882 9.790962288665774
120591 9.377691830062867 9.017769869995115 8.325388013839722
120592 9.273567015838626 8.758019882965087 8.336679240417482
120598 -999.0 9.572400025939945 9.611325939178467
120601 8.337925451660155 6.869519895935056 7.427696564483643
120603 -999.0 6.865230142974853 5.798683745574952
120620 7.363497072219847 5.922569911575316 -999.0
120626 9.069383968734744 9.112109967422487 8.203075205993654
120629 9.817368474960325 8.98890001296997 8.852916198348996
120631 6.410248572921753 5.608709941482545 5.39934299583435
120632 10.62860514678955 11.5893797203064 11.36544297676086
120633 7.231144040298463 7.262469908905029 7.958932027053834
120637 9.14814374465942 7.443760102844232 5.75078642425537
120643 10.6859888721466 9.67127972030639 8.67303024139404
120649 6.261104317855835 6.011530117034912 -999.0
120652 11.18751516571045 -999.0 10.92316529464722
120653 -999.0 9.135969857025145 8.879323628616337
120662 8.4685161605835 9.220700025939943 9.043333102035524
120664 9.28677180404663 8.816469874572752 -999.0
120666 10.99961961479187 10.60090007400512 11.53206392326355
120671 8.906597120285035 8.024740058517455 8.502502576065062
120681 12.09418955574035 8.65928989715576 10.79918059768677
120685 13.32283785552978 -999.0 11.91975148506164
120689 10.11586022949219 10.76926017684936 10.46318591308594
120695 7.426256774902347 7.262859928512575 5.948877587127686
120701 13.37952553596496 12.65925003700256 12.22730000381469
120703 -999.0 8.638030142974852 7.418823727416991
120708 8.898341461944579 7.822180091094973 7.681742443084719
120712 11.53045061035156 10.76958001441955 9.47354398231506
120717 13.31617527618408 12.3810898601532 13.02977241859436
120718 11.90132470321655 10.49548001441956 10.06941258392334
120719 12.7936255493164 12.06676010284423 11.28818403587341
120720 11.80615390739441 10.62055007400513 10.21793049545288
120722 12.49811551246643 12.46428001441955 -999.0
120730 12.96954441070556 -999.0 10.98228604125976
120731 9.313796029663084 8.888309967422487 -999.0
120732 9.32723908920288 9.185640084457397 8.860150880813599
120733 9.780326645660399 9.953180091094971 9.004947548675535
120737 10.36734965705871 9.6954101398468 -999.0
120738 9.680506804275515 9.085480091094974 -999.0
120739 9.211737550735473 8.64331986999512 8.133830770111086
120742 9.469903820419312 7.797739739990236 6.423158660125733
120745 -999.0 10.59771025085449 10.22337353134155
120746 8.239884349060059 7.302540071487429 6.90507303352356
120752 8.139901485824588 7.237869869995117 5.940738426589967
120782 7.776832566833491 6.672950074005126 5.406987040710449
120783 8.69636953277588 7.846759941482547 7.259370196533205
120785 9.668756311416628 8.517290228271484 8.13170739860535
120786 11.73915206871033 10.65151987457275 10.5356202632904
120793 9.2204075302124 9.102130088424685 9.063182898712153
120794 11.88068158874512 11.52459019126892 12.09630112686157
120798 8.648464739227293 8.127509928512572 8.008248176574707
120799 -999.0 10.17953005142212 10.69866160430909
120802 9.928909462356568 9.32469997406006 8.7463826587677
120803 10.42305189323425 9.907520279693596 7.881904708862304
120809 12.28932370567321 12.13125007400513 12.86075022773742
120813 11.10981646499634 10.11743001441956 9.647847851562497
120815 10.47327801818848 9.670709915542602 9.40086915397644
120819 11.34402105484009 10.41116994857788 9.895518260955809
120826 8.924744927597047 8.477440084457399 7.79472491798401
120829 12.12080380020142 11.45757972030639 11.08500134925842
120833 11.1318848487854 9.805279720306396 9.31321158905029
120841 9.305666620254517 9.124859928512574 9.04316079788208
120845 6.401310324096679 5.083019857025147 4.886636307907106
120847 10.56752336540222 10.42872972030639 9.750594244003297
120854 -999.0 13.16915007400512 12.67177067146301
120859 10.27170778579711 8.991650037002563 -999.0
120862 9.1488253490448 8.232469869995116 7.70334259109497
120865 10.33377473449707 9.466640191268919 8.233730162811277
120866 10.29228858947754 9.990619857025148 9.377395125961304
120867 7.988749984741212 7.403150000000001 6.490282819747924
120875 11.79339975662231 10.95459996299744 9.730703725051873
120885 7.738709400558474 -999.0 6.795451558303835
120886 -999.0 6.583590032577518 6.827194854354859
120887 7.855040541076659 7.24213009109497 7.519710763168336
120891 8.659799876785279 8.202169857025146 8.725564715576173
120894 8.547473614883417 7.532509808731081 -999.0
120895 8.869223505401607 8.39246017684936 8.701812395095823
120897 6.579673861694336 6.902509941482545 -999.0
120900 8.668492667388914 8.511199999999999 -999.0
120907 12.94818319892883 11.81242972030639 11.33963404273986
120915 8.884501906967163 8.566280142974854 8.08924386329651
120916 8.041424877548215 -999.0 8.350811460494993
120924 7.31412346343994 -999.0 7.192818117141724
120931 9.287764618301386 9.333619874572756 8.784988253021233
120932 9.922100800704957 8.930240228271483 8.934248822784424
120935 7.427919088745116 6.927890032577515 -999.0
120942 8.12244017524719 8.35158013000488 6.95472010040283
120945 6.840240753555299 5.815269908905029 -999.0
120948 9.039398431396481 7.20896954345703 7.880870096588131
120949 10.10060989837646 9.035849999999998 9.504519367599485
120953 13.2233436302185 11.95068012542725 10.4334626209259
120954 9.453334411239622 8.994319908905029 8.24627715873718
120956 11.63068149833679 11.54806998558044 -999.0
120961 12.33324511260986 10.41353989715576 10.29071405792236
120966 8.468265588760374 8.444409928512574 8.36404407272339
120968 6.723337796783448 7.118180130004883 6.721530672836304
120970 10.0947069393158 2.900610102844233 8.689482715606685
120972 9.888323971557618 9.692769948577878 8.984353044128413
120974 6.829943021774291 7.002040071487429 5.128347472000122
120994 7.887264056015014 6.846569908905026 7.099582711791991
121000 11.19169117164611 10.78004996299743 11.29030694885254
121001 13.43302757148743 13.43919996299744 12.59867187347412
121005 12.0014335445404 11.87429996299744 11.12322278938293
121008 8.93148207244873 8.160440071487425 7.904629997253415
121011 13.17888390350342 12.72035 12.69190665512085
121023 7.818505195236209 7.213580142974856 6.628286167144776
121027 10.63915927810669 10.18703013000489 -999.0
121028 11.49212990646362 10.94096010284423 -999.0
121029 10.73471825942993 10.03100003700256 9.794950763320921
121042 6.443854889297487 6.318430104064942 6.15281498413086
121051 8.603172859954832 11.10464019126892 9.45140455703735
121055 8.984158579254153 7.886730142974851 7.21954063606262
121056 5.318903218078615 5.375119869995116 5.810282353973387
121064 10.34283692779541 8.897349999999998 8.470630863189692
121065 9.390528223419189 9.75541990890503 -999.0
121067 8.727750822448728 8.563630091094973 -999.0
121068 -999.0 6.104039897155759 3.875930961608889
121072 11.037755235672 10.75944022827148 9.95062881164551
121077 10.45994687156677 -999.0 9.758990679550173
121078 12.2893838558197 -999.0 11.47214541015625
121080 7.896482090377807 6.842960247039794 -999.0
121081 11.62802676353454 11.12399992599487 -999.0
121085 11.80029226951599 11.16698001441955 -999.0
121089 7.176908423614499 5.944839823150635 4.22838365020752
121094 12.31459953193664 12.00410007400512 11.00497675857544
121109 10.59130750389099 -999.0 10.58395075721741
121114 12.2304471912384 12.29910003700256 11.63169142074585
121124 8.802609861373906 8.712590032577513 8.216077131271362
121126 10.27097022285461 8.962859771728512 8.254000124359129
121132 9.574137517547605 9.315959954452513 9.712985744094851
121133 9.075204154968258 8.161060260009764 7.90537393951416
121142 6.117594447326661 7.044380117034913 6.408420478057863
121143 9.820949075698852 9.476150000000004 8.910212309646607
121147 11.3284382610321 9.53520977172851 10.46000432510376
121154 9.195845001983638 9.12651010284424 8.94179279403686
121156 -999.0 8.575330117034909 7.898441496658323
121165 13.59650553016662 12.93793982315063 12.15379931297302
121167 7.477988606262203 7.198590302276609 6.425908802032465
121174 8.503098529434203 8.209869857025147 7.629759970092773
121179 9.13891734466553 8.517219857025148 8.040447613525394
121180 8.766018280029297 8.513809928512575 8.309381017303469
121188 12.18827878723144 11.6797202796936 9.833679873275754
121190 9.439131710433958 8.881130091094974 -999.0
121192 11.34934136314392 10.4567702796936 9.57080531196594
121193 6.641580745315552 6.479380117034911 -999.0
121199 7.348934340667725 8.463159771728515 6.531901269531247
121209 8.694181912994384 7.788780142974853 6.732364658355715
121214 11.75788214073181 10.55512972030639 11.05478193130493
121223 8.161682935714724 7.111069882965089 -999.0
121224 7.035582543945314 5.717430091094974 4.811782283020021
121230 9.555586812591546 8.712869874572752 7.849978480529783
121234 10.99441867446899 10.40991998558044 10.46175780258178
121235 7.995148736572261 8.031540191268917 -999.0
121244 12.10139087371826 12.9690202796936 12.4644900024414
121247 7.974696276855468 7.946490058517453 7.411273503494261
121254 8.581262340927124 7.027119869995117 -999.0
121260 7.944659370040892 -999.0 4.78988783569336
121261 12.25009572792053 12.83479019126892 11.3313232421875
121263 -999.0 9.828759967422485 9.863825991058352
121264 9.664917706298828 9.419530088424679 -999.0
121274 10.06380664749145 8.950190191268923 8.472694303894036
121287 8.707076136016848 8.883939897155754 7.424843927764893
121289 10.85401277275085 9.391009697723387 -999.0
121290 9.181865671157832 8.08146994857788 8.062841256713865
121295 12.83353886871338 12.17371991157531 -999.0
121299 10.213869947052 9.276529720306396 8.82471147956848
